,datetime,open,high,low,close,volume,hold,ticker
0,2025-08-18 10:05:00,3182.0,3183.0,3178.0,3178.0,16981,1608592,RB0
1,2025-08-18 10:10:00,3178.0,3182.0,3178.0,3180.0,9335,1609385,RB0
2,2025-08-18 10:15:00,3179.0,3183.0,3176.0,3177.0,15831,1610959,RB0
3,2025-08-18 10:35:00,3177.0,3177.0,3172.0,3176.0,35181,1617553,RB0
4,2025-08-18 10:40:00,3176.0,3177.0,3172.0,3174.0,14714,1619523,RB0
5,2025-08-18 10:45:00,3175.0,3176.0,3172.0,3176.0,10664,1621279,RB0
6,2025-08-18 10:50:00,3175.0,3177.0,3172.0,3174.0,10720,1623051,RB0
7,2025-08-18 10:55:00,3173.0,3174.0,3168.0,3174.0,31229,1627579,RB0
8,2025-08-18 11:00:00,3174.0,3174.0,3165.0,3167.0,41884,1627642,RB0
9,2025-08-18 11:05:00,3167.0,3171.0,3166.0,3169.0,18067,1629477,RB0
10,2025-08-18 11:10:00,3169.0,3170.0,3165.0,3167.0,15854,1630784,RB0
11,2025-08-18 11:15:00,3166.0,3168.0,3162.0,3165.0,35158,1629103,RB0
12,2025-08-18 11:20:00,3165.0,3167.0,3162.0,3163.0,17766,1629365,RB0
13,2025-08-18 11:25:00,3163.0,3163.0,3157.0,3159.0,40164,1632110,RB0
14,2025-08-18 11:30:00,3158.0,3166.0,3158.0,3158.0,24954,1629541,RB0
15,2025-08-18 13:35:00,3158.0,3163.0,3156.0,3162.0,29024,1630709,RB0
16,2025-08-18 13:40:00,3162.0,3162.0,3159.0,3160.0,9170,1631686,RB0
17,2025-08-18 13:45:00,3160.0,3163.0,3156.0,3156.0,15229,1632667,RB0
18,2025-08-18 13:50:00,3157.0,3158.0,3152.0,3154.0,33139,1635261,RB0
19,2025-08-18 13:55:00,3154.0,3155.0,3151.0,3153.0,21811,1636459,RB0
20,2025-08-18 14:00:00,3152.0,3154.0,3150.0,3153.0,6877,1631384,RB0
21,2025-08-18 14:05:00,3153.0,3153.0,3150.0,3152.0,16450,1632653,RB0
22,2025-08-18 14:10:00,3152.0,3152.0,3145.0,3148.0,7883,1632767,RB0
23,2025-08-18 14:15:00,3148.0,3148.0,3142.0,3145.0,355,1631947,RB0
24,2025-08-18 14:20:00,3145.0,3146.0,3142.0,3146.0,12042,1630958,RB0
25,2025-08-18 14:25:00,3145.0,3152.0,3144.0,3152.0,29799,1625946,RB0
26,2025-08-18 14:30:00,3152.0,3153.0,3148.0,3150.0,69,1626609,RB0
27,2025-08-18 14:35:00,3151.0,3155.0,3150.0,3153.0,127,1625920,RB0
28,2025-08-18 14:40:00,3153.0,3155.0,3150.0,3151.0,19,1624018,RB0
29,2025-08-18 14:45:00,3151.0,3155.0,3150.0,3153.0,931,1623462,RB0
30,2025-08-18 14:50:00,3153.0,3155.0,3151.0,3152.0,12510,1622526,RB0
31,2025-08-18 14:55:00,3152.0,3156.0,3151.0,3154.0,18267,1618833,RB0
32,2025-08-18 15:00:00,3155.0,3155.0,3155.0,3155.0,0,1609893,RB0
33,2025-08-18 21:05:00,3163.0,3170.0,3158.0,3166.0,79187,1596670,RB0
34,2025-08-18 21:10:00,3167.0,3170.0,3166.0,3167.0,28951,1596083,RB0
35,2025-08-18 21:15:00,3167.0,3168.0,3164.0,3165.0,24247,1593609,RB0
36,2025-08-18 21:20:00,3166.0,3167.0,3161.0,3164.0,20952,1592713,RB0
37,2025-08-18 21:25:00,3163.0,3169.0,3162.0,3166.0,20075,1591214,RB0
38,2025-08-18 21:30:00,3167.0,3169.0,3166.0,3168.0,14253,1592474,RB0
39,2025-08-18 21:35:00,3168.0,3169.0,3165.0,3166.0,10930,1592741,RB0
40,2025-08-18 21:40:00,3166.0,3168.0,3164.0,3164.0,9091,1593275,RB0
41,2025-08-18 21:45:00,3164.0,3166.0,3162.0,3163.0,10436,1595339,RB0
42,2025-08-18 21:50:00,3163.0,3164.0,3161.0,3162.0,9268,1595047,RB0
43,2025-08-18 21:55:00,3161.0,3163.0,3160.0,3161.0,6013,1596068,RB0
44,2025-08-18 22:00:00,3161.0,3162.0,3160.0,3162.0,6418,1595859,RB0
45,2025-08-18 22:05:00,3162.0,3164.0,3159.0,3163.0,9215,1596354,RB0
46,2025-08-18 22:10:00,3164.0,3165.0,3160.0,3162.0,6446,1596267,RB0
47,2025-08-18 22:15:00,3161.0,3163.0,3161.0,3162.0,2873,1596299,RB0
48,2025-08-18 22:20:00,3162.0,3163.0,3161.0,3161.0,3333,1596197,RB0
49,2025-08-18 22:25:00,3161.0,3163.0,3160.0,3162.0,187,1596538,RB0
50,2025-08-18 22:30:00,3162.0,3162.0,3160.0,3160.0,2463,1596384,RB0
51,2025-08-18 22:35:00,3161.0,3163.0,3159.0,3160.0,6295,1597595,RB0
52,2025-08-18 22:40:00,3159.0,3161.0,3156.0,3157.0,10341,1599272,RB0
53,2025-08-18 22:45:00,3157.0,3159.0,3156.0,3159.0,9108,1600280,RB0
54,2025-08-18 22:50:00,3159.0,3159.0,3157.0,3159.0,4019,1600464,RB0
55,2025-08-18 22:55:00,3159.0,3159.0,3156.0,3158.0,4291,1600263,RB0
56,2025-08-18 23:00:00,3158.0,3158.0,3155.0,3157.0,14183,1598407,RB0
57,2025-08-19 09:05:00,3156.0,3160.0,3145.0,3150.0,45034,1602306,RB0
58,2025-08-19 09:10:00,3150.0,3150.0,3145.0,3147.0,14292,1603888,RB0
59,2025-08-19 09:15:00,3146.0,3149.0,3146.0,3148.0,9684,1604631,RB0
60,2025-08-19 09:20:00,3149.0,3149.0,3145.0,3147.0,18269,1607733,RB0
61,2025-08-19 09:25:00,3147.0,3150.0,3146.0,3147.0,9808,1606441,RB0
62,2025-08-19 09:30:00,3147.0,3159.0,3147.0,3154.0,36497,1602827,RB0
63,2025-08-19 09:35:00,3155.0,3156.0,3151.0,3153.0,18216,1604848,RB0
64,2025-08-19 09:40:00,3152.0,3153.0,3147.0,3149.0,16201,1606184,RB0
65,2025-08-19 09:45:00,3148.0,3149.0,3145.0,3147.0,14385,1606961,RB0
66,2025-08-19 09:50:00,3147.0,3148.0,3142.0,3143.0,10415,1610186,RB0
67,2025-08-19 09:55:00,3143.0,3150.0,3143.0,3149.0,17257,1610791,RB0
68,2025-08-19 10:00:00,3149.0,3151.0,3147.0,3148.0,18102,1608791,RB0
69,2025-08-19 10:05:00,3148.0,3148.0,3141.0,3141.0,15631,1608755,RB0
70,2025-08-19 10:10:00,3140.0,3145.0,3140.0,3144.0,22824,1610073,RB0
71,2025-08-19 10:15:00,3144.0,3145.0,3139.0,3141.0,15475,1611524,RB0
72,2025-08-19 10:35:00,3141.0,3142.0,3136.0,3142.0,27015,1614398,RB0
73,2025-08-19 10:40:00,3142.0,3143.0,3134.0,3136.0,26847,1615656,RB0
74,2025-08-19 10:45:00,3136.0,3138.0,3134.0,3135.0,15506,1614888,RB0
75,2025-08-19 10:50:00,3135.0,3136.0,3133.0,3133.0,21388,1615309,RB0
76,2025-08-19 10:55:00,3134.0,3135.0,3130.0,3131.0,27516,1616359,RB0
77,2025-08-19 11:00:00,3131.0,3132.0,3127.0,3127.0,29703,1620535,RB0
78,2025-08-19 11:05:00,3128.0,3131.0,3126.0,3129.0,25785,1623513,RB0
79,2025-08-19 11:10:00,3129.0,3134.0,3128.0,3133.0,17513,1623537,RB0
80,2025-08-19 11:15:00,3133.0,3134.0,3128.0,3130.0,15426,1625299,RB0
81,2025-08-19 11:20:00,3131.0,3132.0,3127.0,3130.0,11294,1625618,RB0
82,2025-08-19 11:25:00,3130.0,3134.0,3128.0,3133.0,9033,1624510,RB0
83,2025-08-19 11:30:00,3133.0,3137.0,3129.0,3136.0,19741,1619066,RB0
84,2025-08-19 13:35:00,3136.0,3138.0,3125.0,3126.0,37247,1620661,RB0
85,2025-08-19 13:40:00,3127.0,3129.0,3126.0,3127.0,10879,1623212,RB0
86,2025-08-19 13:45:00,3127.0,3132.0,3126.0,3131.0,13812,1624995,RB0
87,2025-08-19 13:50:00,3131.0,3131.0,3124.0,3128.0,23339,1627239,RB0
88,2025-08-19 13:55:00,3128.0,3128.0,3122.0,3126.0,19380,1628109,RB0
89,2025-08-19 14:00:00,3125.0,3127.0,3124.0,3126.0,10591,1628577,RB0
90,2025-08-19 14:05:00,3125.0,3130.0,3125.0,3130.0,13490,1628442,RB0
91,2025-08-19 14:10:00,3130.0,3131.0,3128.0,3130.0,7899,1627941,RB0
92,2025-08-19 14:15:00,3130.0,3130.0,3125.0,3128.0,11715,1626179,RB0
93,2025-08-19 14:20:00,3127.0,3129.0,3125.0,3126.0,7048,1625712,RB0
94,2025-08-19 14:25:00,3127.0,3129.0,3124.0,3127.0,11808,1623734,RB0
95,2025-08-19 14:30:00,3128.0,3129.0,3124.0,3126.0,10557,1623084,RB0
96,2025-08-19 14:35:00,3126.0,3127.0,3124.0,3126.0,9726,1622541,RB0
97,2025-08-19 14:40:00,3126.0,3128.0,3124.0,3128.0,7481,1622524,RB0
98,2025-08-19 14:45:00,3128.0,3130.0,3127.0,3130.0,14219,1622661,RB0
99,2025-08-19 14:50:00,3130.0,3132.0,3128.0,3129.0,309,1621600,RB0
100,2025-08-19 14:55:00,3129.0,3130.0,3128.0,3129.0,13359,1616299,RB0
101,2025-08-19 15:00:00,3129.0,3129.0,3126.0,3126.0,4850,1608686,RB0
102,2025-08-19 21:05:00,3130.0,3132.0,3125.0,3126.0,44300,1609504,RB0
103,2025-08-19 21:10:00,3126.0,3128.0,3123.0,3125.0,30775,1615209,RB0
104,2025-08-19 21:15:00,3125.0,3127.0,3123.0,3125.0,14223,1616747,RB0
105,2025-08-19 21:20:00,3125.0,3126.0,3120.0,3122.0,31958,1622256,RB0
106,2025-08-19 21:25:00,3121.0,3122.0,3118.0,3119.0,26448,1625232,RB0
107,2025-08-19 21:30:00,3120.0,3123.0,3118.0,3119.0,20369,1628199,RB0
108,2025-08-19 21:35:00,3118.0,3121.0,3118.0,3119.0,14274,1628331,RB0
109,2025-08-19 21:40:00,3119.0,3120.0,3115.0,3115.0,22350,1630528,RB0
110,2025-08-19 21:45:00,3116.0,3117.0,3113.0,3117.0,24277,1631941,RB0
111,2025-08-19 21:50:00,3117.0,3120.0,3116.0,3119.0,21527,1629381,RB0
112,2025-08-19 21:55:00,3118.0,3125.0,3118.0,3123.0,40735,1620825,RB0
113,2025-08-19 22:00:00,3122.0,3123.0,3119.0,3122.0,18574,1620474,RB0
114,2025-08-19 22:05:00,3122.0,3123.0,3120.0,3122.0,14878,1617755,RB0
115,2025-08-19 22:10:00,3122.0,3123.0,3118.0,3119.0,12002,1617042,RB0
116,2025-08-19 22:15:00,3118.0,3119.0,3115.0,3117.0,15670,1617932,RB0
117,2025-08-19 22:20:00,3117.0,3120.0,3116.0,3118.0,9001,1618343,RB0
118,2025-08-19 22:25:00,3118.0,3119.0,3115.0,3115.0,4484,1617661,RB0
119,2025-08-19 22:30:00,3116.0,3117.0,3111.0,3114.0,26616,1621269,RB0
120,2025-08-19 22:35:00,3113.0,3115.0,3111.0,3113.0,13011,1619257,RB0
121,2025-08-19 22:40:00,3112.0,3115.0,3110.0,3113.0,19283,1616093,RB0
122,2025-08-19 22:45:00,3112.0,3114.0,3109.0,3110.0,13711,1615202,RB0
123,2025-08-19 22:50:00,3110.0,3112.0,3108.0,3109.0,18244,1610047,RB0
124,2025-08-19 22:55:00,3109.0,3115.0,3106.0,3114.0,25851,1606475,RB0
125,2025-08-19 23:00:00,3114.0,3117.0,3112.0,3114.0,24324,1599319,RB0
126,2025-08-20 09:05:00,3111.0,3115.0,3108.0,3112.0,35256,1597982,RB0
127,2025-08-20 09:10:00,3112.0,3116.0,3111.0,3114.0,16390,1596001,RB0
128,2025-08-20 09:15:00,3114.0,3116.0,3112.0,3114.0,10722,1596129,RB0
129,2025-08-20 09:20:00,3114.0,3119.0,3112.0,3117.0,12712,1595753,RB0
130,2025-08-20 09:25:00,3118.0,3119.0,3114.0,3115.0,11015,1596343,RB0
131,2025-08-20 09:30:00,3115.0,3118.0,3114.0,3117.0,6596,1597163,RB0
132,2025-08-20 09:35:00,3117.0,3119.0,3114.0,3116.0,10184,1596838,RB0
133,2025-08-20 09:40:00,3117.0,3120.0,3116.0,3119.0,9174,1594772,RB0
134,2025-08-20 09:45:00,3119.0,3123.0,3118.0,3120.0,20458,1590052,RB0
135,2025-08-20 09:50:00,3120.0,3120.0,3118.0,3119.0,3030,1589328,RB0
136,2025-08-20 09:55:00,3119.0,3119.0,3114.0,3115.0,8163,1589858,RB0
137,2025-08-20 10:00:00,3115.0,3117.0,3113.0,3114.0,9384,1589156,RB0
138,2025-08-20 10:05:00,3113.0,3113.0,3105.0,3106.0,35550,1583246,RB0
139,2025-08-20 10:10:00,3114.0,3117.0,3104.0,3114.0,33552,1579456,RB0
140,2025-08-20 10:15:00,3114.0,3119.0,3112.0,3113.0,23410,1578126,RB0
141,2025-08-20 10:35:00,3114.0,3118.0,3113.0,3115.0,16647,1577984,RB0
142,2025-08-20 10:40:00,3115.0,3120.0,3114.0,3114.0,13048,1576664,RB0
143,2025-08-20 10:45:00,3114.0,3115.0,3112.0,3113.0,14272,1576904,RB0
144,2025-08-20 10:50:00,3113.0,3119.0,3112.0,3118.0,10026,1577108,RB0
145,2025-08-20 10:55:00,3117.0,3118.0,3115.0,3116.0,6640,1574814,RB0
146,2025-08-20 11:00:00,3117.0,3118.0,3114.0,3116.0,10517,1573165,RB0
147,2025-08-20 11:05:00,3116.0,3121.0,3114.0,3120.0,13880,1573530,RB0
148,2025-08-20 11:10:00,3120.0,3122.0,3117.0,3118.0,10723,1572830,RB0
149,2025-08-20 11:15:00,3118.0,3121.0,3117.0,3118.0,7977,1573816,RB0
150,2025-08-20 11:20:00,3118.0,3123.0,3118.0,3122.0,14690,1574427,RB0
151,2025-08-20 11:25:00,3122.0,3131.0,3121.0,3126.0,53273,1567625,RB0
152,2025-08-20 11:30:00,3126.0,3134.0,3123.0,3131.0,42541,1562069,RB0
153,2025-08-20 13:35:00,3131.0,3140.0,3129.0,3139.0,56881,1553577,RB0
154,2025-08-20 13:40:00,3139.0,3139.0,3134.0,3136.0,24898,1550806,RB0
155,2025-08-20 13:45:00,3135.0,3141.0,3134.0,3138.0,26896,1549625,RB0
156,2025-08-20 13:50:00,3139.0,3140.0,3136.0,3138.0,15586,1546987,RB0
157,2025-08-20 13:55:00,3137.0,3138.0,3132.0,3136.0,25763,1546052,RB0
158,2025-08-20 14:00:00,3136.0,3140.0,3134.0,3138.0,16163,1545084,RB0
159,2025-08-20 14:05:00,3137.0,3139.0,3134.0,3134.0,18001,1541889,RB0
160,2025-08-20 14:10:00,3134.0,3136.0,3130.0,3131.0,19034,1540157,RB0
161,2025-08-20 14:15:00,3131.0,3137.0,3131.0,3134.0,14408,1538698,RB0
162,2025-08-20 14:20:00,3135.0,3137.0,3132.0,3135.0,10873,1537762,RB0
163,2025-08-20 14:25:00,3135.0,3137.0,3128.0,3130.0,16605,1535010,RB0
164,2025-08-20 14:30:00,3130.0,3131.0,3128.0,3129.0,12640,1533500,RB0
165,2025-08-20 14:35:00,3128.0,3132.0,3126.0,3130.0,18154,1532882,RB0
166,2025-08-20 14:40:00,3130.0,3133.0,3128.0,3129.0,13018,1530333,RB0
167,2025-08-20 14:45:00,3129.0,3133.0,3128.0,3132.0,9190,1529532,RB0
168,2025-08-20 14:50:00,3132.0,3135.0,3131.0,3132.0,1828,1529986,RB0
169,2025-08-20 14:55:00,3132.0,3133.0,3127.0,3131.0,14103,1528109,RB0
170,2025-08-20 15:00:00,3132.0,3132.0,3132.0,3132.0,0,1523392,RB0
171,2025-08-20 21:05:00,3139.0,3143.0,3133.0,3138.0,54123,1522528,RB0
172,2025-08-20 21:10:00,3138.0,3138.0,3131.0,3132.0,22057,1524181,RB0
173,2025-08-20 21:15:00,3132.0,3136.0,3130.0,3135.0,13936,1526160,RB0
174,2025-08-20 21:20:00,3136.0,3141.0,3135.0,3139.0,22500,1525467,RB0
175,2025-08-20 21:25:00,3140.0,3143.0,3137.0,3138.0,23435,1527800,RB0
176,2025-08-20 21:30:00,3138.0,3139.0,3136.0,3137.0,12255,1528629,RB0
177,2025-08-20 21:35:00,3137.0,3139.0,3134.0,3138.0,18364,1532044,RB0
178,2025-08-20 21:40:00,3138.0,3138.0,3134.0,3135.0,8697,1532429,RB0
179,2025-08-20 21:45:00,3135.0,3136.0,3133.0,3135.0,10153,1532492,RB0
180,2025-08-20 21:50:00,3135.0,3136.0,3134.0,3135.0,6277,1532039,RB0
181,2025-08-20 21:55:00,3136.0,3137.0,3133.0,3135.0,8054,1532663,RB0
182,2025-08-20 22:00:00,3135.0,3136.0,3134.0,3135.0,4514,1532112,RB0
183,2025-08-20 22:05:00,3135.0,3136.0,3133.0,3135.0,3718,1532240,RB0
184,2025-08-20 22:10:00,3135.0,3135.0,3131.0,3133.0,10954,1531374,RB0
185,2025-08-20 22:15:00,3133.0,3135.0,3132.0,3132.0,3633,1531242,RB0
186,2025-08-20 22:20:00,3132.0,3133.0,3130.0,3133.0,9372,1530814,RB0
187,2025-08-20 22:25:00,3133.0,3138.0,3132.0,3136.0,2000,1530442,RB0
188,2025-08-20 22:30:00,3136.0,3142.0,3135.0,3141.0,24530,1536187,RB0
189,2025-08-20 22:35:00,3141.0,3142.0,3139.0,3140.0,17701,1536040,RB0
190,2025-08-20 22:40:00,3140.0,3141.0,3138.0,3139.0,7497,1535210,RB0
191,2025-08-20 22:45:00,3140.0,3143.0,3139.0,3143.0,12873,1534930,RB0
192,2025-08-20 22:50:00,3143.0,3145.0,3140.0,3142.0,20108,1529907,RB0
193,2025-08-20 22:55:00,3142.0,3143.0,3138.0,3138.0,12003,1527658,RB0
194,2025-08-20 23:00:00,3138.0,3140.0,3137.0,3138.0,13581,1523567,RB0
195,2025-08-21 09:05:00,3139.0,3142.0,3119.0,3124.0,95334,1518190,RB0
196,2025-08-21 09:10:00,3123.0,3124.0,3121.0,3122.0,24463,1520159,RB0
197,2025-08-21 09:15:00,3122.0,3124.0,3120.0,3121.0,19807,1521240,RB0
198,2025-08-21 09:20:00,3121.0,3123.0,3119.0,3122.0,16614,1519966,RB0
199,2025-08-21 09:25:00,3122.0,3126.0,3122.0,3124.0,12984,1517548,RB0
200,2025-08-21 09:30:00,3125.0,3129.0,3124.0,3126.0,16596,1516093,RB0
201,2025-08-21 09:35:00,3125.0,3127.0,3122.0,3122.0,10047,1516763,RB0
202,2025-08-21 09:40:00,3122.0,3127.0,3121.0,3124.0,9740,1518557,RB0
203,2025-08-21 09:45:00,3124.0,3126.0,3121.0,3123.0,7313,1518239,RB0
204,2025-08-21 09:50:00,3122.0,3127.0,3121.0,3124.0,313,1518029,RB0
205,2025-08-21 09:55:00,3124.0,3125.0,3121.0,3123.0,7940,1517839,RB0
206,2025-08-21 10:00:00,3123.0,3124.0,3120.0,3122.0,11109,1516025,RB0
207,2025-08-21 10:05:00,3122.0,3126.0,3121.0,3124.0,12161,1514521,RB0
208,2025-08-21 10:10:00,3124.0,3128.0,3120.0,3121.0,20148,1513387,RB0
209,2025-08-21 10:15:00,3121.0,3122.0,3119.0,3121.0,15486,1512074,RB0
210,2025-08-21 10:35:00,3120.0,3125.0,3116.0,3124.0,36250,1506000,RB0
211,2025-08-21 10:40:00,3124.0,3127.0,3120.0,3124.0,17030,1504124,RB0
212,2025-08-21 10:45:00,3125.0,3125.0,3121.0,3122.0,9906,1503511,RB0
213,2025-08-21 10:50:00,3122.0,3124.0,3120.0,3122.0,9300,1502574,RB0
214,2025-08-21 10:55:00,3122.0,3127.0,3121.0,3125.0,10635,1501375,RB0
215,2025-08-21 11:00:00,3125.0,3128.0,3123.0,3124.0,15342,1497790,RB0
216,2025-08-21 11:05:00,3124.0,3133.0,3124.0,3132.0,26275,1488865,RB0
217,2025-08-21 11:10:00,3132.0,3134.0,3129.0,3131.0,25770,1483950,RB0
218,2025-08-21 11:15:00,3131.0,3139.0,3131.0,3137.0,30240,1478204,RB0
219,2025-08-21 11:20:00,3136.0,3139.0,3135.0,3137.0,17397,1477708,RB0
220,2025-08-21 11:25:00,3137.0,3138.0,3134.0,3137.0,12383,1476039,RB0
221,2025-08-21 11:30:00,3137.0,3143.0,3136.0,3138.0,28591,1473357,RB0
222,2025-08-21 13:35:00,3138.0,3139.0,3130.0,3133.0,17518,1473361,RB0
223,2025-08-21 13:40:00,3133.0,3134.0,3130.0,3134.0,10749,1471915,RB0
224,2025-08-21 13:45:00,3134.0,3137.0,3133.0,3135.0,7616,1471668,RB0
225,2025-08-21 13:50:00,3135.0,3136.0,3132.0,3134.0,6831,1471815,RB0
226,2025-08-21 13:55:00,3135.0,3136.0,3132.0,3132.0,8333,1472125,RB0
227,2025-08-21 14:00:00,3132.0,3134.0,3131.0,3133.0,4814,1471688,RB0
228,2025-08-21 14:05:00,3133.0,3133.0,3128.0,3130.0,14028,1471424,RB0
229,2025-08-21 14:10:00,3130.0,3134.0,3130.0,3132.0,5833,1471846,RB0
230,2025-08-21 14:15:00,3133.0,3136.0,3133.0,3134.0,6427,1472499,RB0
231,2025-08-21 14:20:00,3134.0,3137.0,3133.0,3137.0,9883,1471957,RB0
232,2025-08-21 14:25:00,3137.0,3137.0,3130.0,3132.0,10517,1471994,RB0
233,2025-08-21 14:30:00,3132.0,3134.0,3128.0,3134.0,10282,1470947,RB0
234,2025-08-21 14:35:00,3134.0,3134.0,3125.0,3126.0,15105,1469995,RB0
235,2025-08-21 14:40:00,3126.0,3128.0,3123.0,3124.0,16007,1468339,RB0
236,2025-08-21 14:45:00,3125.0,3125.0,3118.0,3119.0,20405,1468294,RB0
237,2025-08-21 14:50:00,3120.0,3123.0,3118.0,3120.0,17471,1468031,RB0
238,2025-08-21 14:55:00,3120.0,3124.0,3118.0,3124.0,16666,1466170,RB0
239,2025-08-21 15:00:00,3123.0,3127.0,3121.0,3121.0,1204,1458107,RB0
240,2025-08-21 21:05:00,3111.0,3122.0,3110.0,3113.0,66661,1459459,RB0
241,2025-08-21 21:10:00,3114.0,3120.0,3112.0,3118.0,25160,1458102,RB0
242,2025-08-21 21:15:00,3118.0,3120.0,3117.0,3118.0,13407,1458942,RB0
243,2025-08-21 21:20:00,3118.0,3121.0,3115.0,3119.0,13376,1459511,RB0
244,2025-08-21 21:25:00,3118.0,3119.0,3116.0,3117.0,6338,1459947,RB0
245,2025-08-21 21:30:00,3118.0,3120.0,3117.0,3118.0,5351,1460160,RB0
246,2025-08-21 21:35:00,3118.0,3119.0,3116.0,3118.0,6592,1460116,RB0
247,2025-08-21 21:40:00,3118.0,3119.0,3114.0,3114.0,10024,1460818,RB0
248,2025-08-21 21:45:00,3115.0,3116.0,3112.0,3114.0,11536,1460234,RB0
249,2025-08-21 21:50:00,3113.0,3116.0,3113.0,3116.0,9262,1461092,RB0
250,2025-08-21 21:55:00,3115.0,3118.0,3114.0,3116.0,9955,1460986,RB0
251,2025-08-21 22:00:00,3117.0,3118.0,3115.0,3115.0,5782,1461776,RB0
252,2025-08-21 22:05:00,3115.0,3120.0,3115.0,3118.0,12733,1460728,RB0
253,2025-08-21 22:10:00,3118.0,3122.0,3118.0,3122.0,13237,1461121,RB0
254,2025-08-21 22:15:00,3121.0,3124.0,3119.0,3120.0,12370,1461512,RB0
255,2025-08-21 22:20:00,3119.0,3122.0,3119.0,3121.0,4681,1461325,RB0
256,2025-08-21 22:25:00,3121.0,3126.0,3120.0,3125.0,3581,1459794,RB0
257,2025-08-21 22:30:00,3126.0,3127.0,3124.0,3126.0,9220,1457350,RB0
258,2025-08-21 22:35:00,3127.0,3127.0,3124.0,3124.0,8635,1455158,RB0
259,2025-08-21 22:40:00,3124.0,3125.0,3121.0,3123.0,5058,1454952,RB0
260,2025-08-21 22:45:00,3122.0,3123.0,3120.0,3121.0,5311,1454744,RB0
261,2025-08-21 22:50:00,3121.0,3122.0,3120.0,3120.0,4310,1454271,RB0
262,2025-08-21 22:55:00,3120.0,3124.0,3120.0,3121.0,5169,1453759,RB0
263,2025-08-21 23:00:00,3121.0,3124.0,3120.0,3123.0,11011,1450208,RB0
264,2025-08-22 09:05:00,3125.0,3125.0,3115.0,3115.0,26994,1448112,RB0
265,2025-08-22 09:10:00,3115.0,3117.0,3113.0,3116.0,12067,1448319,RB0
266,2025-08-22 09:15:00,3116.0,3118.0,3115.0,3118.0,6452,1446832,RB0
267,2025-08-22 09:20:00,3118.0,3120.0,3115.0,3119.0,9235,1447542,RB0
268,2025-08-22 09:25:00,3118.0,3120.0,3116.0,3117.0,4647,1447491,RB0
269,2025-08-22 09:30:00,3116.0,3121.0,3115.0,3119.0,9215,1446909,RB0
270,2025-08-22 09:35:00,3119.0,3122.0,3118.0,3119.0,8886,1446670,RB0
271,2025-08-22 09:40:00,3120.0,3122.0,3116.0,3120.0,8648,1446164,RB0
272,2025-08-22 09:45:00,3120.0,3122.0,3119.0,3121.0,3813,1445247,RB0
273,2025-08-22 09:50:00,3122.0,3124.0,3121.0,3123.0,2866,1443679,RB0
274,2025-08-22 09:55:00,3124.0,3125.0,3119.0,3119.0,7791,1442395,RB0
275,2025-08-22 10:00:00,3119.0,3122.0,3117.0,3119.0,7857,1442142,RB0
276,2025-08-22 10:05:00,3119.0,3120.0,3116.0,3116.0,8696,1440448,RB0
277,2025-08-22 10:10:00,3117.0,3120.0,3116.0,3117.0,6578,1440517,RB0
278,2025-08-22 10:15:00,3117.0,3124.0,3116.0,3120.0,11289,1440817,RB0
279,2025-08-22 10:35:00,3120.0,3123.0,3118.0,3119.0,8916,1439114,RB0
280,2025-08-22 10:40:00,3119.0,3121.0,3117.0,3118.0,7421,1438944,RB0
281,2025-08-22 10:45:00,3117.0,3119.0,3115.0,3116.0,8375,1437005,RB0
282,2025-08-22 10:50:00,3116.0,3119.0,3115.0,3119.0,7487,1437384,RB0
283,2025-08-22 10:55:00,3119.0,3124.0,3118.0,3124.0,15116,1439258,RB0
284,2025-08-22 11:00:00,3124.0,3124.0,3119.0,3121.0,7881,1437578,RB0
285,2025-08-22 11:05:00,3121.0,3121.0,3115.0,3116.0,13913,1435355,RB0
286,2025-08-22 11:10:00,3116.0,3117.0,3114.0,3115.0,16928,1433133,RB0
287,2025-08-22 11:15:00,3115.0,3118.0,3113.0,3115.0,6235,1432882,RB0
288,2025-08-22 11:20:00,3115.0,3122.0,3115.0,3117.0,12286,1431628,RB0
289,2025-08-22 11:25:00,3117.0,3118.0,3113.0,3113.0,11627,1430606,RB0
290,2025-08-22 11:30:00,3113.0,3115.0,3110.0,3114.0,15846,1431040,RB0
291,2025-08-22 13:35:00,3115.0,3120.0,3114.0,3118.0,14762,1429327,RB0
292,2025-08-22 13:40:00,3118.0,3119.0,3116.0,3118.0,7603,1429097,RB0
293,2025-08-22 13:45:00,3118.0,3119.0,3115.0,3115.0,7994,1427655,RB0
294,2025-08-22 13:50:00,3115.0,3120.0,3115.0,3119.0,10655,1426094,RB0
295,2025-08-22 13:55:00,3119.0,3123.0,3116.0,3116.0,15546,1425516,RB0
296,2025-08-22 14:00:00,3117.0,3119.0,3114.0,3115.0,11516,1424233,RB0
297,2025-08-22 14:05:00,3115.0,3117.0,3113.0,3115.0,11029,1422535,RB0
298,2025-08-22 14:10:00,3115.0,3117.0,3113.0,3115.0,6422,1421048,RB0
299,2025-08-22 14:15:00,3114.0,3116.0,3113.0,3113.0,6146,1420401,RB0
300,2025-08-22 14:20:00,3113.0,3114.0,3109.0,3110.0,18076,1422817,RB0
301,2025-08-22 14:25:00,3110.0,3111.0,3106.0,3110.0,24373,1423636,RB0
302,2025-08-22 14:30:00,3110.0,3112.0,3107.0,3108.0,14084,1424297,RB0
303,2025-08-22 14:35:00,3109.0,3114.0,3107.0,3112.0,16536,1423805,RB0
304,2025-08-22 14:40:00,3113.0,3115.0,3111.0,3113.0,9605,1422359,RB0
305,2025-08-22 14:45:00,3112.0,3113.0,3109.0,3110.0,7916,1422042,RB0
306,2025-08-22 14:50:00,3110.0,3113.0,3109.0,3110.0,1451,1420550,RB0
307,2025-08-22 14:55:00,3110.0,3114.0,3109.0,3113.0,9783,1418269,RB0
308,2025-08-22 15:00:00,3114.0,3119.0,3112.0,3119.0,2909,1411511,RB0
309,2025-08-22 21:05:00,3122.0,3137.0,3122.0,3134.0,85740,1409279,RB0
310,2025-08-22 21:10:00,3134.0,3139.0,3134.0,3138.0,30914,1411119,RB0
311,2025-08-22 21:15:00,3138.0,3142.0,3137.0,3141.0,38120,1411601,RB0
312,2025-08-22 21:20:00,3140.0,3142.0,3138.0,3142.0,24250,1413135,RB0
313,2025-08-22 21:25:00,3141.0,3147.0,3141.0,3145.0,33420,1413085,RB0
314,2025-08-22 21:30:00,3144.0,3147.0,3142.0,3143.0,15440,1412585,RB0
315,2025-08-22 21:35:00,3143.0,3143.0,3140.0,3141.0,14216,1409810,RB0
316,2025-08-22 21:40:00,3141.0,3141.0,3138.0,3140.0,12656,1407884,RB0
317,2025-08-22 21:45:00,3140.0,3140.0,3138.0,3138.0,7414,1407852,RB0
318,2025-08-22 21:50:00,3138.0,3140.0,3137.0,3139.0,9793,1407780,RB0
319,2025-08-22 21:55:00,3139.0,3142.0,3139.0,3140.0,8215,1407632,RB0
320,2025-08-22 22:00:00,3140.0,3141.0,3138.0,3140.0,6060,1406680,RB0
321,2025-08-22 22:05:00,3140.0,3145.0,3140.0,3143.0,11951,1403748,RB0
322,2025-08-22 22:10:00,3144.0,3150.0,3143.0,3149.0,30152,1403081,RB0
323,2025-08-22 22:15:00,3150.0,3151.0,3147.0,3148.0,17795,1402254,RB0
324,2025-08-22 22:20:00,3148.0,3150.0,3147.0,3149.0,15027,1400795,RB0
325,2025-08-22 22:25:00,3149.0,3149.0,3144.0,3145.0,2219,1399984,RB0
326,2025-08-22 22:30:00,3145.0,3147.0,3144.0,3147.0,5777,1399760,RB0
327,2025-08-22 22:35:00,3147.0,3148.0,3145.0,3147.0,9660,1398253,RB0
328,2025-08-22 22:40:00,3147.0,3148.0,3143.0,3145.0,7976,1397880,RB0
329,2025-08-22 22:45:00,3144.0,3146.0,3143.0,3144.0,6250,1399025,RB0
330,2025-08-22 22:50:00,3145.0,3147.0,3144.0,3145.0,10015,1397463,RB0
331,2025-08-22 22:55:00,3145.0,3149.0,3144.0,3148.0,8479,1397347,RB0
332,2025-08-22 23:00:00,3147.0,3154.0,3146.0,3153.0,32835,1388422,RB0
333,2025-08-25 09:05:00,3154.0,3155.0,3145.0,3147.0,58303,1380570,RB0
334,2025-08-25 09:10:00,3147.0,3148.0,3142.0,3145.0,24185,1381379,RB0
335,2025-08-25 09:15:00,3145.0,3146.0,3140.0,3141.0,18673,1383879,RB0
336,2025-08-25 09:20:00,3140.0,3143.0,3139.0,3141.0,18538,1384137,RB0
337,2025-08-25 09:25:00,3141.0,3142.0,3137.0,3141.0,18984,1380719,RB0
338,2025-08-25 09:30:00,3141.0,3143.0,3139.0,3142.0,9446,1380613,RB0
339,2025-08-25 09:35:00,3141.0,3142.0,3137.0,3138.0,13275,1379807,RB0
340,2025-08-25 09:40:00,3138.0,3139.0,3132.0,3134.0,22804,1379230,RB0
341,2025-08-25 09:45:00,3134.0,3135.0,3132.0,3133.0,10931,1380170,RB0
342,2025-08-25 09:50:00,3133.0,3136.0,3133.0,3134.0,7723,1381035,RB0
343,2025-08-25 09:55:00,3134.0,3134.0,3130.0,3131.0,14176,1381066,RB0
344,2025-08-25 10:00:00,3132.0,3133.0,3129.0,3133.0,10073,1381132,RB0
345,2025-08-25 10:05:00,3132.0,3136.0,3132.0,3135.0,9731,1382193,RB0
346,2025-08-25 10:10:00,3134.0,3136.0,3133.0,3136.0,5932,1382690,RB0
347,2025-08-25 10:15:00,3135.0,3140.0,3134.0,3140.0,12036,1380277,RB0
348,2025-08-25 10:35:00,3141.0,3154.0,3140.0,3154.0,43461,1369983,RB0
349,2025-08-25 10:40:00,3153.0,3157.0,3151.0,3152.0,36621,1365450,RB0
350,2025-08-25 10:45:00,3152.0,3155.0,3150.0,3152.0,19072,1366445,RB0
351,2025-08-25 10:50:00,3153.0,3159.0,3151.0,3158.0,21229,1364277,RB0
352,2025-08-25 10:55:00,3159.0,3165.0,3156.0,3159.0,42318,1357581,RB0
353,2025-08-25 11:00:00,3159.0,3160.0,3156.0,3158.0,18407,1356785,RB0
354,2025-08-25 11:05:00,3158.0,3160.0,3153.0,3155.0,18952,1356532,RB0
355,2025-08-25 11:10:00,3154.0,3157.0,3150.0,3150.0,12558,1357335,RB0
356,2025-08-25 11:15:00,3151.0,3154.0,3150.0,3154.0,10990,1357747,RB0
357,2025-08-25 11:20:00,3154.0,3154.0,3147.0,3148.0,17603,1355660,RB0
358,2025-08-25 11:25:00,3147.0,3149.0,3145.0,3147.0,11152,1354687,RB0
359,2025-08-25 11:30:00,3148.0,3149.0,3143.0,3149.0,23920,1353968,RB0
360,2025-08-25 13:35:00,3146.0,3149.0,3143.0,3143.0,16891,1354023,RB0
361,2025-08-25 13:40:00,3143.0,3144.0,3139.0,3142.0,5116,1355028,RB0
362,2025-08-25 13:45:00,3142.0,3143.0,3139.0,3142.0,12461,1356672,RB0
363,2025-08-25 13:50:00,3142.0,3145.0,3141.0,3144.0,11179,1358860,RB0
364,2025-08-25 13:55:00,3144.0,3147.0,3143.0,3144.0,8963,1359098,RB0
365,2025-08-25 14:00:00,3145.0,3145.0,3141.0,3143.0,8106,1358858,RB0
366,2025-08-25 14:05:00,3143.0,3144.0,3140.0,3141.0,7808,1358872,RB0
367,2025-08-25 14:10:00,3141.0,3144.0,3140.0,3142.0,5595,1358847,RB0
368,2025-08-25 14:15:00,3142.0,3143.0,3140.0,3141.0,6515,1359524,RB0
369,2025-08-25 14:20:00,3142.0,3146.0,3141.0,3146.0,8669,1359154,RB0
370,2025-08-25 14:25:00,3146.0,3146.0,3141.0,3141.0,8286,1359194,RB0
371,2025-08-25 14:30:00,3141.0,3147.0,3141.0,3146.0,7082,1358925,RB0
372,2025-08-25 14:35:00,3146.0,3147.0,3143.0,3144.0,5580,1359168,RB0
373,2025-08-25 14:40:00,3144.0,3146.0,3141.0,3146.0,9048,1359253,RB0
374,2025-08-25 14:45:00,3146.0,3147.0,3143.0,3146.0,10187,1360512,RB0
375,2025-08-25 14:50:00,3147.0,3148.0,3142.0,3143.0,14914,1358938,RB0
376,2025-08-25 14:55:00,3143.0,3145.0,3140.0,3140.0,18144,1354505,RB0
377,2025-08-25 15:00:00,3141.0,3143.0,3137.0,3138.0,2682,1347830,RB0
378,2025-08-25 21:05:00,3141.0,3143.0,3134.0,3136.0,58376,1347551,RB0
379,2025-08-25 21:10:00,3137.0,3137.0,3134.0,3135.0,14957,1349072,RB0
380,2025-08-25 21:15:00,3135.0,3137.0,3133.0,3134.0,15349,1348874,RB0
381,2025-08-25 21:20:00,3135.0,3136.0,3133.0,3134.0,11986,1349045,RB0
382,2025-08-25 21:25:00,3134.0,3137.0,3133.0,3133.0,11655,1349143,RB0
383,2025-08-25 21:30:00,3134.0,3135.0,3133.0,3134.0,4118,1349621,RB0
384,2025-08-25 21:35:00,3134.0,3135.0,3133.0,3134.0,3897,1349991,RB0
385,2025-08-25 21:40:00,3134.0,3136.0,3133.0,3135.0,4842,1350389,RB0
386,2025-08-25 21:45:00,3134.0,3137.0,3134.0,3134.0,6744,1351180,RB0
387,2025-08-25 21:50:00,3135.0,3135.0,3133.0,3134.0,5490,1352256,RB0
388,2025-08-25 21:55:00,3135.0,3135.0,3131.0,3132.0,13673,1354020,RB0
389,2025-08-25 22:00:00,3132.0,3133.0,3131.0,3131.0,10469,1353087,RB0
390,2025-08-25 22:05:00,3131.0,3133.0,3128.0,3128.0,16420,1351836,RB0
391,2025-08-25 22:10:00,3128.0,3132.0,3128.0,3131.0,7066,1351925,RB0
392,2025-08-25 22:15:00,3131.0,3132.0,3130.0,3132.0,3401,1352338,RB0
393,2025-08-25 22:20:00,3132.0,3132.0,3130.0,3131.0,4527,1352825,RB0
394,2025-08-25 22:25:00,3131.0,3132.0,3130.0,3130.0,333,1353685,RB0
395,2025-08-25 22:30:00,3130.0,3131.0,3129.0,3129.0,4236,1354677,RB0
396,2025-08-25 22:35:00,3129.0,3133.0,3128.0,3130.0,9098,1354632,RB0
397,2025-08-25 22:40:00,3130.0,3131.0,3128.0,3128.0,5406,1355314,RB0
398,2025-08-25 22:45:00,3128.0,3129.0,3127.0,3129.0,6935,1354914,RB0
399,2025-08-25 22:50:00,3129.0,3131.0,3127.0,3129.0,7836,1354406,RB0
400,2025-08-25 22:55:00,3130.0,3131.0,3128.0,3129.0,3891,1354215,RB0
401,2025-08-25 23:00:00,3129.0,3132.0,3129.0,3130.0,10474,1349781,RB0
402,2025-08-26 09:05:00,3129.0,3130.0,3118.0,3124.0,49761,1347664,RB0
403,2025-08-26 09:10:00,3123.0,3130.0,3123.0,3128.0,19392,1344596,RB0
404,2025-08-26 09:15:00,3128.0,3129.0,3126.0,3129.0,9604,1344677,RB0
405,2025-08-26 09:20:00,3129.0,3133.0,3128.0,3130.0,14676,1343545,RB0
406,2025-08-26 09:25:00,3130.0,3130.0,3125.0,3125.0,8782,1342636,RB0
407,2025-08-26 09:30:00,3125.0,3130.0,3125.0,3130.0,6729,1342476,RB0
408,2025-08-26 09:35:00,3130.0,3130.0,3126.0,3128.0,5220,1341102,RB0
409,2025-08-26 09:40:00,3128.0,3130.0,3127.0,3128.0,5053,1340430,RB0
410,2025-08-26 09:45:00,3127.0,3129.0,3127.0,3129.0,2157,1340641,RB0
411,2025-08-26 09:50:00,3128.0,3131.0,3126.0,3129.0,3480,1342145,RB0
412,2025-08-26 09:55:00,3130.0,3132.0,3128.0,3132.0,6420,1340997,RB0
413,2025-08-26 10:00:00,3132.0,3133.0,3130.0,3132.0,7641,1339736,RB0
414,2025-08-26 10:05:00,3132.0,3135.0,3129.0,3133.0,13316,1336536,RB0
415,2025-08-26 10:10:00,3133.0,3134.0,3130.0,3132.0,5782,1335072,RB0
416,2025-08-26 10:15:00,3132.0,3134.0,3130.0,3133.0,6726,1333812,RB0
417,2025-08-26 10:35:00,3133.0,3134.0,3129.0,3132.0,8019,1333257,RB0
418,2025-08-26 10:40:00,3132.0,3134.0,3131.0,3132.0,7464,1333186,RB0
419,2025-08-26 10:45:00,3132.0,3133.0,3128.0,3129.0,7453,1332085,RB0
420,2025-08-26 10:50:00,3128.0,3132.0,3127.0,3131.0,7749,1331697,RB0
421,2025-08-26 10:55:00,3131.0,3132.0,3125.0,3128.0,8939,1332327,RB0
422,2025-08-26 11:00:00,3128.0,3129.0,3122.0,3126.0,13709,1332396,RB0
423,2025-08-26 11:05:00,3126.0,3127.0,3122.0,3122.0,13636,1331882,RB0
424,2025-08-26 11:10:00,3123.0,3126.0,3122.0,3126.0,7829,1331512,RB0
425,2025-08-26 11:15:00,3126.0,3129.0,3123.0,3127.0,8536,1330115,RB0
426,2025-08-26 11:20:00,3128.0,3132.0,3127.0,3130.0,13067,1328303,RB0
427,2025-08-26 11:25:00,3130.0,3131.0,3127.0,3130.0,8554,1327708,RB0
428,2025-08-26 11:30:00,3130.0,3131.0,3123.0,3125.0,7776,1326002,RB0
429,2025-08-26 13:35:00,3123.0,3124.0,3119.0,3119.0,19517,1326236,RB0
430,2025-08-26 13:40:00,3119.0,3120.0,3115.0,3115.0,21815,1327017,RB0
431,2025-08-26 13:45:00,3115.0,3118.0,3114.0,3116.0,16420,1329000,RB0
432,2025-08-26 13:50:00,3116.0,3117.0,3113.0,3113.0,18265,1327806,RB0
433,2025-08-26 13:55:00,3113.0,3120.0,3112.0,3119.0,14646,1327040,RB0
434,2025-08-26 14:00:00,3120.0,3121.0,3118.0,3120.0,11288,1325887,RB0
435,2025-08-26 14:05:00,3121.0,3122.0,3118.0,3122.0,10812,1323432,RB0
436,2025-08-26 14:10:00,3121.0,3122.0,3118.0,3118.0,6690,1322541,RB0
437,2025-08-26 14:15:00,3118.0,3119.0,3116.0,3117.0,8877,1322941,RB0
438,2025-08-26 14:20:00,3118.0,3120.0,3116.0,3119.0,6762,1321785,RB0
439,2025-08-26 14:25:00,3119.0,3119.0,3116.0,3118.0,6463,1320450,RB0
440,2025-08-26 14:30:00,3118.0,3119.0,3114.0,3116.0,12885,1319357,RB0
441,2025-08-26 14:35:00,3115.0,3117.0,3113.0,3115.0,12425,1317715,RB0
442,2025-08-26 14:40:00,3116.0,3118.0,3114.0,3114.0,7631,1316389,RB0
443,2025-08-26 14:45:00,3114.0,3116.0,3112.0,3113.0,13321,1315274,RB0
444,2025-08-26 14:50:00,3114.0,3117.0,3113.0,3114.0,13910,1313211,RB0
445,2025-08-26 14:55:00,3114.0,3117.0,3113.0,3116.0,14355,1312564,RB0
446,2025-08-26 15:00:00,3116.0,3117.0,3113.0,3113.0,12247,1308206,RB0
447,2025-08-26 21:05:00,3113.0,3116.0,3109.0,3112.0,70454,1303567,RB0
448,2025-08-26 21:10:00,3112.0,3114.0,3110.0,3114.0,17862,1304127,RB0
449,2025-08-26 21:15:00,3113.0,3115.0,3112.0,3113.0,9854,1304579,RB0
450,2025-08-26 21:20:00,3113.0,3114.0,3110.0,3111.0,11183,1304482,RB0
451,2025-08-26 21:25:00,3112.0,3113.0,3110.0,3113.0,9696,1304543,RB0
452,2025-08-26 21:30:00,3113.0,3114.0,3110.0,3113.0,15636,1305636,RB0
453,2025-08-26 21:35:00,3113.0,3113.0,3110.0,3110.0,6186,1305315,RB0
454,2025-08-26 21:40:00,3111.0,3111.0,3108.0,3109.0,10651,1305998,RB0
455,2025-08-26 21:45:00,3110.0,3112.0,3109.0,3111.0,7610,1306297,RB0
456,2025-08-26 21:50:00,3111.0,3112.0,3107.0,3110.0,13815,1306694,RB0
457,2025-08-26 21:55:00,3110.0,3113.0,3110.0,3113.0,7185,1306833,RB0
458,2025-08-26 22:00:00,3112.0,3113.0,3111.0,3112.0,3807,1307489,RB0
459,2025-08-26 22:05:00,3111.0,3118.0,3111.0,3117.0,19968,1304978,RB0
460,2025-08-26 22:10:00,3116.0,3117.0,3115.0,3116.0,6923,1304654,RB0
461,2025-08-26 22:15:00,3116.0,3119.0,3115.0,3118.0,7105,1303477,RB0
462,2025-08-26 22:20:00,3118.0,3119.0,3116.0,3118.0,9150,1301846,RB0
463,2025-08-26 22:25:00,3118.0,3121.0,3117.0,3120.0,5088,1301040,RB0
464,2025-08-26 22:30:00,3121.0,3121.0,3117.0,3117.0,7530,1299962,RB0
465,2025-08-26 22:35:00,3117.0,3119.0,3117.0,3117.0,3110,1300047,RB0
466,2025-08-26 22:40:00,3117.0,3118.0,3112.0,3113.0,13027,1297796,RB0
467,2025-08-26 22:45:00,3113.0,3113.0,3111.0,3113.0,4739,1297581,RB0
468,2025-08-26 22:50:00,3112.0,3114.0,3112.0,3113.0,5018,1298006,RB0
469,2025-08-26 22:55:00,3113.0,3114.0,3112.0,3113.0,4040,1298273,RB0
470,2025-08-26 23:00:00,3113.0,3117.0,3111.0,3115.0,11263,1295374,RB0
471,2025-08-27 09:05:00,3116.0,3119.0,3112.0,3119.0,12316,1294342,RB0
472,2025-08-27 09:10:00,3118.0,3119.0,3114.0,3116.0,5948,1293869,RB0
473,2025-08-27 09:15:00,3116.0,3116.0,3113.0,3114.0,4740,1293211,RB0
474,2025-08-27 09:20:00,3114.0,3118.0,3114.0,3116.0,5257,1292680,RB0
475,2025-08-27 09:25:00,3117.0,3118.0,3113.0,3113.0,4827,1292661,RB0
476,2025-08-27 09:30:00,3114.0,3114.0,3112.0,3114.0,4646,1292795,RB0
477,2025-08-27 09:35:00,3113.0,3114.0,3112.0,3113.0,5013,1292510,RB0
478,2025-08-27 09:40:00,3112.0,3113.0,3111.0,3111.0,6221,1292591,RB0
479,2025-08-27 09:45:00,3112.0,3114.0,3110.0,3113.0,8894,1291944,RB0
480,2025-08-27 09:50:00,3113.0,3113.0,3110.0,3112.0,3865,1292275,RB0
481,2025-08-27 09:55:00,3111.0,3112.0,3109.0,3111.0,7837,1292163,RB0
482,2025-08-27 10:00:00,3111.0,3112.0,3097.0,3100.0,63448,1289167,RB0
483,2025-08-27 10:05:00,3100.0,3110.0,3098.0,3106.0,30758,1289803,RB0
484,2025-08-27 10:10:00,3107.0,3108.0,3104.0,3107.0,11453,1290396,RB0
485,2025-08-27 10:15:00,3107.0,3109.0,3103.0,3103.0,9871,1290779,RB0
486,2025-08-27 10:35:00,3104.0,3105.0,3100.0,3102.0,18058,1287139,RB0
487,2025-08-27 10:40:00,3103.0,3106.0,3102.0,3103.0,7914,1286480,RB0
488,2025-08-27 10:45:00,3104.0,3105.0,3103.0,3104.0,11260,1285146,RB0
489,2025-08-27 10:50:00,3104.0,3105.0,3099.0,3102.0,15222,1285831,RB0
490,2025-08-27 10:55:00,3102.0,3104.0,3101.0,3103.0,7851,1284477,RB0
491,2025-08-27 11:00:00,3104.0,3109.0,3103.0,3108.0,16448,1283864,RB0
492,2025-08-27 11:05:00,3108.0,3112.0,3107.0,3112.0,15517,1280921,RB0
493,2025-08-27 11:10:00,3112.0,3116.0,3111.0,3115.0,25426,1273501,RB0
494,2025-08-27 11:15:00,3115.0,3127.0,3114.0,3127.0,49017,1265480,RB0
495,2025-08-27 11:20:00,3128.0,3128.0,3119.0,3124.0,45592,1260849,RB0
496,2025-08-27 11:25:00,3124.0,3125.0,3120.0,3121.0,18585,1258905,RB0
497,2025-08-27 11:30:00,3121.0,3124.0,3117.0,3119.0,13689,1258336,RB0
498,2025-08-27 13:35:00,3118.0,3120.0,3112.0,3117.0,28347,1255824,RB0
499,2025-08-27 13:40:00,3117.0,3117.0,3111.0,3111.0,13297,1255893,RB0
500,2025-08-27 13:45:00,3111.0,3114.0,3110.0,3112.0,11251,1254277,RB0
501,2025-08-27 13:50:00,3112.0,3115.0,3112.0,3114.0,8621,1254391,RB0
502,2025-08-27 13:55:00,3115.0,3118.0,3111.0,3112.0,17133,1253187,RB0
503,2025-08-27 14:00:00,3112.0,3114.0,3110.0,3113.0,10194,1252302,RB0
504,2025-08-27 14:05:00,3113.0,3119.0,3112.0,3119.0,17149,1249780,RB0
505,2025-08-27 14:10:00,3119.0,3121.0,3116.0,3118.0,22363,1250334,RB0
506,2025-08-27 14:15:00,3118.0,3119.0,3117.0,3118.0,10100,1248434,RB0
507,2025-08-27 14:20:00,3118.0,3120.0,3115.0,3117.0,13340,1247138,RB0
508,2025-08-27 14:25:00,3117.0,3117.0,3113.0,3113.0,10370,1245807,RB0
509,2025-08-27 14:30:00,3114.0,3114.0,3111.0,3112.0,13144,1244187,RB0
510,2025-08-27 14:35:00,3113.0,3123.0,3111.0,3119.0,28822,1241295,RB0
511,2025-08-27 14:40:00,3118.0,3120.0,3114.0,3115.0,11654,1241235,RB0
512,2025-08-27 14:45:00,3115.0,3116.0,3111.0,3112.0,46,1239795,RB0
513,2025-08-27 14:50:00,3112.0,3113.0,3110.0,3111.0,215,1240015,RB0
514,2025-08-27 14:55:00,3112.0,3112.0,3108.0,3110.0,823,1239097,RB0
515,2025-08-27 15:00:00,3109.0,3112.0,3108.0,3111.0,598,1234764,RB0
516,2025-08-27 21:05:00,3105.0,3110.0,3103.0,3103.0,48900,1239183,RB0
517,2025-08-27 21:10:00,3104.0,3105.0,3101.0,3104.0,18703,1240883,RB0
518,2025-08-27 21:15:00,3103.0,3104.0,3101.0,3103.0,11695,1240570,RB0
519,2025-08-27 21:20:00,3103.0,3107.0,3102.0,3105.0,11371,1241210,RB0
520,2025-08-27 21:25:00,3104.0,3104.0,3102.0,3103.0,6455,1241457,RB0
521,2025-08-27 21:30:00,3103.0,3105.0,3102.0,3102.0,6448,1241664,RB0
522,2025-08-27 21:35:00,3102.0,3104.0,3102.0,3104.0,5980,1241432,RB0
523,2025-08-27 21:40:00,3104.0,3104.0,3102.0,3103.0,8071,1241789,RB0
524,2025-08-27 21:45:00,3103.0,3106.0,3102.0,3105.0,7764,1242860,RB0
525,2025-08-27 21:50:00,3105.0,3106.0,3104.0,3104.0,4289,1242092,RB0
526,2025-08-27 21:55:00,3104.0,3108.0,3104.0,3106.0,7611,1241480,RB0
527,2025-08-27 22:00:00,3106.0,3108.0,3105.0,3106.0,4704,1240554,RB0
528,2025-08-27 22:05:00,3107.0,3108.0,3105.0,3107.0,5414,1241622,RB0
529,2025-08-27 22:10:00,3106.0,3107.0,3105.0,3106.0,2693,1241804,RB0
530,2025-08-27 22:15:00,3106.0,3112.0,3105.0,3109.0,13201,1240842,RB0
531,2025-08-27 22:20:00,3109.0,3109.0,3105.0,3105.0,4956,1240821,RB0
532,2025-08-27 22:25:00,3105.0,3107.0,3104.0,3105.0,1589,1240328,RB0
533,2025-08-27 22:30:00,3104.0,3105.0,3101.0,3102.0,8979,1239458,RB0
534,2025-08-27 22:35:00,3101.0,3103.0,3101.0,3102.0,7566,1238942,RB0
535,2025-08-27 22:40:00,3102.0,3103.0,3100.0,3102.0,8632,1241328,RB0
536,2025-08-27 22:45:00,3102.0,3103.0,3100.0,3101.0,6686,1240542,RB0
537,2025-08-27 22:50:00,3101.0,3103.0,3100.0,3101.0,4968,1240180,RB0
538,2025-08-27 22:55:00,3102.0,3103.0,3101.0,3103.0,5157,1240263,RB0
539,2025-08-27 23:00:00,3102.0,3105.0,3101.0,3101.0,11087,1235344,RB0
540,2025-08-28 09:05:00,3102.0,3104.0,3098.0,3099.0,23158,1238762,RB0
541,2025-08-28 09:10:00,3099.0,3109.0,3098.0,3106.0,29837,1234321,RB0
542,2025-08-28 09:15:00,3107.0,3107.0,3103.0,3106.0,9854,1235631,RB0
543,2025-08-28 09:20:00,3106.0,3108.0,3104.0,3105.0,9125,1235240,RB0
544,2025-08-28 09:25:00,3105.0,3110.0,3105.0,3105.0,8790,1235650,RB0
545,2025-08-28 09:30:00,3105.0,3108.0,3104.0,3106.0,6046,1235396,RB0
546,2025-08-28 09:35:00,3106.0,3110.0,3105.0,3107.0,12151,1235395,RB0
547,2025-08-28 09:40:00,3107.0,3109.0,3104.0,3104.0,8322,1234753,RB0
548,2025-08-28 09:45:00,3104.0,3110.0,3104.0,3109.0,8355,1233655,RB0
549,2025-08-28 09:50:00,3109.0,3112.0,3107.0,3111.0,7926,1231594,RB0
550,2025-08-28 09:55:00,3112.0,3112.0,3108.0,3109.0,12536,1230007,RB0
551,2025-08-28 10:00:00,3109.0,3109.0,3105.0,3107.0,8387,1229098,RB0
552,2025-08-28 10:05:00,3107.0,3115.0,3106.0,3113.0,20838,1225446,RB0
553,2025-08-28 10:10:00,3113.0,3120.0,3113.0,3118.0,23631,1221597,RB0
554,2025-08-28 10:15:00,3119.0,3121.0,3117.0,3117.0,22718,1218852,RB0
555,2025-08-28 10:35:00,3118.0,3121.0,3115.0,3117.0,15081,1218113,RB0
556,2025-08-28 10:40:00,3117.0,3121.0,3116.0,3118.0,14749,1217042,RB0
557,2025-08-28 10:45:00,3118.0,3121.0,3117.0,3120.0,9764,1216778,RB0
558,2025-08-28 10:50:00,3121.0,3123.0,3118.0,3119.0,18557,1214793,RB0
559,2025-08-28 10:55:00,3119.0,3125.0,3118.0,3123.0,24091,1211036,RB0
560,2025-08-28 11:00:00,3122.0,3124.0,3117.0,3119.0,10797,1210315,RB0
561,2025-08-28 11:05:00,3119.0,3120.0,3117.0,3117.0,8678,1209501,RB0
562,2025-08-28 11:10:00,3118.0,3119.0,3116.0,3118.0,11188,1208263,RB0
563,2025-08-28 11:15:00,3118.0,3121.0,3116.0,3118.0,8171,1208813,RB0
564,2025-08-28 11:20:00,3119.0,3119.0,3114.0,3114.0,9977,1208615,RB0
565,2025-08-28 11:25:00,3114.0,3117.0,3113.0,3114.0,11512,1206612,RB0
566,2025-08-28 11:30:00,3115.0,3117.0,3113.0,3116.0,5899,1204564,RB0
567,2025-08-28 13:35:00,3112.0,3124.0,3109.0,3123.0,32600,1199486,RB0
568,2025-08-28 13:40:00,3123.0,3126.0,3122.0,3123.0,33171,1196605,RB0
569,2025-08-28 13:45:00,3123.0,3125.0,3120.0,3125.0,12858,1195457,RB0
570,2025-08-28 13:50:00,3125.0,3129.0,3124.0,3126.0,25935,1192595,RB0
571,2025-08-28 13:55:00,3127.0,3127.0,3123.0,3126.0,16750,1190196,RB0
572,2025-08-28 14:00:00,3126.0,3126.0,3123.0,3125.0,14277,1188621,RB0
573,2025-08-28 14:05:00,3126.0,3131.0,3126.0,3127.0,26918,1184061,RB0
574,2025-08-28 14:10:00,3127.0,3135.0,3126.0,3133.0,31733,1179963,RB0
575,2025-08-28 14:15:00,3132.0,3135.0,3130.0,3134.0,26566,1175078,RB0
576,2025-08-28 14:20:00,3134.0,3135.0,3131.0,3132.0,17881,1172717,RB0
577,2025-08-28 14:25:00,3132.0,3133.0,3129.0,3130.0,14119,1169264,RB0
578,2025-08-28 14:30:00,3130.0,3136.0,3129.0,3134.0,14882,1166798,RB0
579,2025-08-28 14:35:00,3133.0,3135.0,3131.0,3133.0,1977,1164457,RB0
580,2025-08-28 14:40:00,3133.0,3134.0,3130.0,3133.0,9109,1161337,RB0
581,2025-08-28 14:45:00,3133.0,3134.0,3131.0,3133.0,3,1158144,RB0
582,2025-08-28 14:50:00,3133.0,3135.0,3131.0,3132.0,6929,1157290,RB0
583,2025-08-28 14:55:00,3133.0,3133.0,3128.0,3131.0,16795,1154409,RB0
584,2025-08-28 15:00:00,3129.0,3129.0,3129.0,3129.0,0,1148166,RB0
585,2025-08-28 21:05:00,3207.0,3210.0,3203.0,3204.0,48762,1266806,RB0
586,2025-08-28 21:10:00,3204.0,3205.0,3201.0,3202.0,16534,1274450,RB0
587,2025-08-28 21:15:00,3202.0,3205.0,3201.0,3201.0,11628,1278490,RB0
588,2025-08-28 21:20:00,3202.0,3203.0,3201.0,3203.0,9251,1282026,RB0
589,2025-08-28 21:25:00,3202.0,3203.0,3200.0,3201.0,9907,1285601,RB0
590,2025-08-28 21:30:00,3201.0,3203.0,3199.0,3201.0,11344,1289291,RB0
591,2025-08-28 21:35:00,3201.0,3201.0,3199.0,3200.0,9081,1291132,RB0
592,2025-08-28 21:40:00,3200.0,3203.0,3200.0,3202.0,5293,1292426,RB0
593,2025-08-28 21:45:00,3202.0,3203.0,3200.0,3200.0,4079,1293928,RB0
594,2025-08-28 21:50:00,3200.0,3202.0,3199.0,3199.0,4864,1295040,RB0
595,2025-08-28 21:55:00,3199.0,3201.0,3199.0,3199.0,4231,1296205,RB0
596,2025-08-28 22:00:00,3199.0,3200.0,3196.0,3197.0,11076,1296856,RB0
597,2025-08-28 22:05:00,3197.0,3198.0,3195.0,3197.0,7701,1298670,RB0
598,2025-08-28 22:10:00,3197.0,3198.0,3192.0,3192.0,11161,1297649,RB0
599,2025-08-28 22:15:00,3192.0,3193.0,3190.0,3192.0,13766,1297708,RB0
600,2025-08-28 22:20:00,3192.0,3192.0,3185.0,3185.0,22737,1297515,RB0
601,2025-08-28 22:25:00,3186.0,3190.0,3185.0,3185.0,1916,1298860,RB0
602,2025-08-28 22:30:00,3186.0,3188.0,3185.0,3187.0,7275,1299532,RB0
603,2025-08-28 22:35:00,3187.0,3188.0,3183.0,3184.0,12741,1300164,RB0
604,2025-08-28 22:40:00,3185.0,3185.0,3181.0,3183.0,10585,1304067,RB0
605,2025-08-28 22:45:00,3182.0,3183.0,3176.0,3176.0,22236,1307501,RB0
606,2025-08-28 22:50:00,3176.0,3177.0,3173.0,3176.0,16844,1309762,RB0
607,2025-08-28 22:55:00,3176.0,3180.0,3175.0,3177.0,13616,1309659,RB0
608,2025-08-28 23:00:00,3177.0,3178.0,3175.0,3176.0,9546,1308225,RB0
609,2025-08-29 09:05:00,3176.0,3178.0,3172.0,3177.0,25883,1315153,RB0
610,2025-08-29 09:10:00,3176.0,3181.0,3174.0,3175.0,21122,1322944,RB0
611,2025-08-29 09:15:00,3175.0,3177.0,3174.0,3175.0,9200,1326184,RB0
612,2025-08-29 09:20:00,3174.0,3176.0,3169.0,3169.0,16161,1330166,RB0
613,2025-08-29 09:25:00,3169.0,3174.0,3168.0,3173.0,13507,1334340,RB0
614,2025-08-29 09:30:00,3174.0,3174.0,3170.0,3172.0,7553,1337018,RB0
615,2025-08-29 09:35:00,3172.0,3173.0,3170.0,3171.0,7255,1339611,RB0
616,2025-08-29 09:40:00,3171.0,3173.0,3168.0,3170.0,11183,1344034,RB0
617,2025-08-29 09:45:00,3169.0,3172.0,3168.0,3171.0,9185,1347241,RB0
618,2025-08-29 09:50:00,3171.0,3175.0,3170.0,3173.0,4152,1349515,RB0
619,2025-08-29 09:55:00,3173.0,3174.0,3171.0,3173.0,6231,1350355,RB0
620,2025-08-29 10:00:00,3173.0,3173.0,3169.0,3170.0,8234,1350979,RB0
621,2025-08-29 10:05:00,3171.0,3175.0,3169.0,3172.0,10771,1352263,RB0
622,2025-08-29 10:10:00,3174.0,3174.0,3171.0,3172.0,5593,1352848,RB0
623,2025-08-29 10:15:00,3173.0,3173.0,3166.0,3166.0,19728,1355540,RB0
624,2025-08-29 10:35:00,3167.0,3172.0,3167.0,3171.0,14458,1358516,RB0
625,2025-08-29 10:40:00,3171.0,3175.0,3170.0,3175.0,9068,1359892,RB0
626,2025-08-29 10:45:00,3175.0,3175.0,3172.0,3173.0,7956,1360423,RB0
627,2025-08-29 10:50:00,3173.0,3174.0,3171.0,3171.0,6133,1361454,RB0
628,2025-08-29 10:55:00,3171.0,3173.0,3166.0,3167.0,11209,1362897,RB0
629,2025-08-29 11:00:00,3167.0,3169.0,3165.0,3166.0,10687,1365098,RB0
630,2025-08-29 11:05:00,3167.0,3171.0,3165.0,3170.0,11986,1366824,RB0
631,2025-08-29 11:10:00,3170.0,3170.0,3167.0,3169.0,7350,1368875,RB0
632,2025-08-29 11:15:00,3170.0,3171.0,3166.0,3169.0,5737,1370483,RB0
633,2025-08-29 11:20:00,3169.0,3170.0,3166.0,3169.0,6618,1372393,RB0
634,2025-08-29 11:25:00,3169.0,3170.0,3166.0,3167.0,5803,1374026,RB0
635,2025-08-29 11:30:00,3167.0,3171.0,3166.0,3171.0,6425,1374801,RB0
636,2025-08-29 13:35:00,3168.0,3173.0,3164.0,3173.0,19231,1377908,RB0
637,2025-08-29 13:40:00,3172.0,3177.0,3171.0,3176.0,16167,1376437,RB0
638,2025-08-29 13:45:00,3176.0,3176.0,3172.0,3174.0,10002,1378904,RB0
639,2025-08-29 13:50:00,3174.0,3174.0,3171.0,3172.0,8077,1381073,RB0
640,2025-08-29 13:55:00,3172.0,3175.0,3171.0,3173.0,4120,1381931,RB0
641,2025-08-29 14:00:00,3174.0,3177.0,3173.0,3177.0,8806,1382435,RB0
642,2025-08-29 14:05:00,3176.0,3179.0,3174.0,3175.0,13313,1381495,RB0
643,2025-08-29 14:10:00,3175.0,3175.0,3166.0,3166.0,13702,1383186,RB0
644,2025-08-29 14:15:00,3168.0,3169.0,3164.0,3167.0,13017,1385724,RB0
645,2025-08-29 14:20:00,3166.0,3166.0,3156.0,3157.0,42768,1399737,RB0
646,2025-08-29 14:25:00,3157.0,3158.0,3152.0,3154.0,6861,1408305,RB0
647,2025-08-29 14:30:00,3153.0,3158.0,3152.0,3154.0,20368,1415253,RB0
648,2025-08-29 14:35:00,3154.0,3162.0,3154.0,3156.0,27065,1420773,RB0
649,2025-08-29 14:40:00,3157.0,3159.0,3154.0,3158.0,9627,1423867,RB0
650,2025-08-29 14:45:00,3158.0,3161.0,3156.0,3158.0,738,1425630,RB0
651,2025-08-29 14:50:00,3159.0,3162.0,3157.0,3161.0,20315,1428820,RB0
652,2025-08-29 14:55:00,3161.0,3162.0,3158.0,3159.0,2414,1428643,RB0
653,2025-08-29 15:00:00,3159.0,3161.0,3159.0,3160.0,2477,1429783,RB0
654,2025-08-29 21:05:00,3153.0,3160.0,3150.0,3153.0,87298,1451753,RB0
655,2025-08-29 21:10:00,3154.0,3157.0,3150.0,3151.0,31628,1459745,RB0
656,2025-08-29 21:15:00,3151.0,3154.0,3150.0,3152.0,16042,1466041,RB0
657,2025-08-29 21:20:00,3153.0,3153.0,3146.0,3147.0,29971,1475778,RB0
658,2025-08-29 21:25:00,3148.0,3151.0,3147.0,3150.0,16149,1475112,RB0
659,2025-08-29 21:30:00,3150.0,3150.0,3144.0,3146.0,21031,1477337,RB0
660,2025-08-29 21:35:00,3146.0,3147.0,3140.0,3141.0,27743,1482430,RB0
661,2025-08-29 21:40:00,3141.0,3143.0,3138.0,3139.0,23803,1485689,RB0
662,2025-08-29 21:45:00,3140.0,3142.0,3139.0,3141.0,15281,1491978,RB0
663,2025-08-29 21:50:00,3141.0,3142.0,3138.0,3140.0,13470,1496083,RB0
664,2025-08-29 21:55:00,3140.0,3140.0,3137.0,3139.0,13219,1498568,RB0
665,2025-08-29 22:00:00,3139.0,3139.0,3135.0,3135.0,16912,1503125,RB0
666,2025-08-29 22:05:00,3134.0,3138.0,3134.0,3138.0,14217,1505840,RB0
667,2025-08-29 22:10:00,3138.0,3138.0,3133.0,3133.0,12541,1510162,RB0
668,2025-08-29 22:15:00,3134.0,3134.0,3128.0,3128.0,31086,1514084,RB0
669,2025-08-29 22:20:00,3128.0,3131.0,3128.0,3130.0,20197,1515236,RB0
670,2025-08-29 22:25:00,3130.0,3137.0,3128.0,3134.0,5732,1517444,RB0
671,2025-08-29 22:30:00,3134.0,3137.0,3134.0,3137.0,11639,1517637,RB0
672,2025-08-29 22:35:00,3137.0,3139.0,3135.0,3136.0,23483,1516451,RB0
673,2025-08-29 22:40:00,3137.0,3137.0,3133.0,3134.0,9188,1518953,RB0
674,2025-08-29 22:45:00,3134.0,3137.0,3132.0,3133.0,8480,1520845,RB0
675,2025-08-29 22:50:00,3132.0,3134.0,3132.0,3133.0,7243,1521548,RB0
676,2025-08-29 22:55:00,3133.0,3133.0,3126.0,3126.0,21831,1523025,RB0
677,2025-08-29 23:00:00,3126.0,3131.0,3124.0,3125.0,26757,1523074,RB0
678,2025-09-01 09:05:00,3123.0,3125.0,3113.0,3116.0,85811,1532329,RB0
679,2025-09-01 09:10:00,3115.0,3122.0,3113.0,3115.0,33564,1538468,RB0
680,2025-09-01 09:15:00,3114.0,3117.0,3112.0,3114.0,28844,1548820,RB0
681,2025-09-01 09:20:00,3114.0,3116.0,3112.0,3116.0,24535,1555202,RB0
682,2025-09-01 09:25:00,3116.0,3119.0,3114.0,3118.0,24670,1561514,RB0
683,2025-09-01 09:30:00,3116.0,3120.0,3114.0,3119.0,16789,1565433,RB0
684,2025-09-01 09:35:00,3119.0,3121.0,3115.0,3117.0,19847,1567484,RB0
685,2025-09-01 09:40:00,3117.0,3117.0,3112.0,3112.0,13026,1571672,RB0
686,2025-09-01 09:45:00,3113.0,3115.0,3111.0,3112.0,11183,1573269,RB0
687,2025-09-01 09:50:00,3112.0,3112.0,3107.0,3108.0,12560,1579623,RB0
688,2025-09-01 09:55:00,3108.0,3110.0,3107.0,3108.0,13989,1581963,RB0
689,2025-09-01 10:00:00,3109.0,3112.0,3107.0,3110.0,17427,1585356,RB0
690,2025-09-01 10:05:00,3110.0,3115.0,3110.0,3114.0,22404,1586304,RB0
691,2025-09-01 10:10:00,3113.0,3114.0,3112.0,3113.0,10162,1588972,RB0
692,2025-09-01 10:15:00,3113.0,3115.0,3111.0,3114.0,9890,1590472,RB0
693,2025-09-01 10:35:00,3113.0,3116.0,3108.0,3109.0,17549,1594656,RB0
694,2025-09-01 10:40:00,3109.0,3110.0,3105.0,3110.0,17913,1599140,RB0
695,2025-09-01 10:45:00,3110.0,3111.0,3107.0,3110.0,12747,1601607,RB0
696,2025-09-01 10:50:00,3110.0,3110.0,3105.0,3105.0,9654,1604214,RB0
697,2025-09-01 10:55:00,3106.0,3108.0,3105.0,3107.0,10866,1605459,RB0
698,2025-09-01 11:00:00,3107.0,3110.0,3106.0,3110.0,9175,1608401,RB0
699,2025-09-01 11:05:00,3110.0,3110.0,3106.0,3107.0,8119,1610422,RB0
700,2025-09-01 11:10:00,3107.0,3109.0,3105.0,3106.0,9101,1613163,RB0
701,2025-09-01 11:15:00,3106.0,3109.0,3105.0,3107.0,6163,1615360,RB0
702,2025-09-01 11:20:00,3107.0,3110.0,3107.0,3110.0,5974,1616230,RB0
703,2025-09-01 11:25:00,3109.0,3111.0,3107.0,3108.0,8073,1616172,RB0
704,2025-09-01 11:30:00,3107.0,3108.0,3102.0,3103.0,20212,1618079,RB0
705,2025-09-01 13:35:00,3105.0,3107.0,3097.0,3099.0,39162,1626047,RB0
706,2025-09-01 13:40:00,3100.0,3102.0,3098.0,3099.0,15652,1631946,RB0
707,2025-09-01 13:45:00,3099.0,3100.0,3094.0,3099.0,21985,1636963,RB0
708,2025-09-01 13:50:00,3099.0,3100.0,3096.0,3098.0,15871,1640844,RB0
709,2025-09-01 13:55:00,3099.0,3102.0,3098.0,3102.0,10239,1641392,RB0
710,2025-09-01 14:00:00,3101.0,3110.0,3101.0,3110.0,18636,1638010,RB0
711,2025-09-01 14:05:00,3110.0,3114.0,3107.0,3109.0,28150,1638843,RB0
712,2025-09-01 14:10:00,3108.0,3111.0,3107.0,3110.0,136,1639870,RB0
713,2025-09-01 14:15:00,3110.0,3112.0,3108.0,3111.0,693,1640488,RB0
714,2025-09-01 14:20:00,3111.0,3116.0,3110.0,3112.0,22286,1638079,RB0
715,2025-09-01 14:25:00,3112.0,3112.0,3107.0,3108.0,2705,1639694,RB0
716,2025-09-01 14:30:00,3108.0,3115.0,3107.0,3114.0,4425,1641598,RB0
717,2025-09-01 14:35:00,3114.0,3118.0,3109.0,3110.0,83,1641931,RB0
718,2025-09-01 14:40:00,3109.0,3115.0,3109.0,3112.0,7734,1640631,RB0
719,2025-09-01 14:45:00,3112.0,3114.0,3110.0,3112.0,47,1639346,RB0
720,2025-09-01 14:50:00,3112.0,3112.0,3107.0,3108.0,13386,1637430,RB0
721,2025-09-01 14:55:00,3108.0,3109.0,3104.0,3109.0,12656,1637181,RB0
722,2025-09-01 15:00:00,3109.0,3115.0,3108.0,3115.0,322,1633714,RB0
723,2025-09-01 21:05:00,3118.0,3118.0,3106.0,3108.0,48969,1645566,RB0
724,2025-09-01 21:10:00,3108.0,3116.0,3107.0,3111.0,25276,1649288,RB0
725,2025-09-01 21:15:00,3112.0,3116.0,3111.0,3114.0,9239,1651207,RB0
726,2025-09-01 21:20:00,3115.0,3117.0,3113.0,3117.0,15650,1652230,RB0
727,2025-09-01 21:25:00,3117.0,3120.0,3115.0,3119.0,15739,1652929,RB0
728,2025-09-01 21:30:00,3119.0,3120.0,3117.0,3119.0,9806,1654028,RB0
729,2025-09-01 21:35:00,3119.0,3120.0,3115.0,3116.0,11719,1654783,RB0
730,2025-09-01 21:40:00,3116.0,3119.0,3116.0,3117.0,7103,1655808,RB0
731,2025-09-01 21:45:00,3117.0,3119.0,3115.0,3117.0,7267,1656596,RB0
732,2025-09-01 21:50:00,3116.0,3118.0,3116.0,3117.0,3526,1656816,RB0
733,2025-09-01 21:55:00,3118.0,3118.0,3116.0,3116.0,3213,1656420,RB0
734,2025-09-01 22:00:00,3116.0,3117.0,3114.0,3114.0,11742,1654261,RB0
735,2025-09-01 22:05:00,3114.0,3116.0,3112.0,3112.0,14384,1655074,RB0
736,2025-09-01 22:10:00,3112.0,3113.0,3111.0,3112.0,10824,1657327,RB0
737,2025-09-01 22:15:00,3112.0,3112.0,3108.0,3109.0,11887,1659134,RB0
738,2025-09-01 22:20:00,3110.0,3111.0,3108.0,3110.0,7309,1660649,RB0
739,2025-09-01 22:25:00,3109.0,3111.0,3109.0,3110.0,1062,1661436,RB0
740,2025-09-01 22:30:00,3111.0,3111.0,3108.0,3109.0,5112,1662117,RB0
741,2025-09-01 22:35:00,3109.0,3111.0,3108.0,3110.0,8018,1662452,RB0
742,2025-09-01 22:40:00,3109.0,3110.0,3107.0,3108.0,5060,1662666,RB0
743,2025-09-01 22:45:00,3107.0,3109.0,3107.0,3108.0,5314,1663568,RB0
744,2025-09-01 22:50:00,3108.0,3109.0,3107.0,3108.0,3790,1664303,RB0
745,2025-09-01 22:55:00,3108.0,3109.0,3106.0,3106.0,4730,1664116,RB0
746,2025-09-01 23:00:00,3106.0,3109.0,3106.0,3107.0,11361,1663248,RB0
747,2025-09-02 09:05:00,3108.0,3108.0,3101.0,3102.0,31370,1663934,RB0
748,2025-09-02 09:10:00,3102.0,3106.0,3102.0,3105.0,9453,1665938,RB0
749,2025-09-02 09:15:00,3106.0,3106.0,3102.0,3105.0,9047,1668266,RB0
750,2025-09-02 09:20:00,3104.0,3108.0,3103.0,3108.0,8329,1668639,RB0
751,2025-09-02 09:25:00,3107.0,3111.0,3107.0,3110.0,12043,1669722,RB0
752,2025-09-02 09:30:00,3110.0,3110.0,3108.0,3108.0,3921,1670788,RB0
753,2025-09-02 09:35:00,3108.0,3109.0,3105.0,3106.0,9680,1673825,RB0
754,2025-09-02 09:40:00,3106.0,3110.0,3106.0,3109.0,6582,1674673,RB0
755,2025-09-02 09:45:00,3109.0,3110.0,3106.0,3110.0,5243,1674519,RB0
756,2025-09-02 09:50:00,3110.0,3112.0,3109.0,3109.0,3664,1674119,RB0
757,2025-09-02 09:55:00,3110.0,3112.0,3107.0,3111.0,6892,1674089,RB0
758,2025-09-02 10:00:00,3111.0,3113.0,3108.0,3113.0,10386,1673669,RB0
759,2025-09-02 10:05:00,3113.0,3113.0,3109.0,3109.0,7954,1672523,RB0
760,2025-09-02 10:10:00,3109.0,3116.0,3108.0,3115.0,2002,1671698,RB0
761,2025-09-02 10:15:00,3115.0,3115.0,3109.0,3109.0,1280,1671971,RB0
762,2025-09-02 10:35:00,3111.0,3116.0,3111.0,3113.0,8269,1672086,RB0
763,2025-09-02 10:40:00,3113.0,3114.0,3108.0,3109.0,2489,1673846,RB0
764,2025-09-02 10:45:00,3109.0,3109.0,3107.0,3109.0,8209,1673168,RB0
765,2025-09-02 10:50:00,3109.0,3110.0,3107.0,3108.0,2762,1673481,RB0
766,2025-09-02 10:55:00,3108.0,3118.0,3108.0,3115.0,12618,1674251,RB0
767,2025-09-02 11:00:00,3115.0,3122.0,3113.0,3122.0,21846,1674788,RB0
768,2025-09-02 11:05:00,3123.0,3130.0,3121.0,3128.0,38,1676488,RB0
769,2025-09-02 11:10:00,3128.0,3129.0,3122.0,3123.0,11383,1676922,RB0
770,2025-09-02 11:15:00,3124.0,3126.0,3119.0,3120.0,12682,1677218,RB0
771,2025-09-02 11:20:00,3119.0,3125.0,3118.0,3125.0,3740,1678512,RB0
772,2025-09-02 11:25:00,3124.0,3131.0,3123.0,3129.0,1271,1676049,RB0
773,2025-09-02 11:30:00,3129.0,3135.0,3124.0,3125.0,20367,1674638,RB0
774,2025-09-02 13:35:00,3124.0,3130.0,3124.0,3129.0,5798,1676022,RB0
775,2025-09-02 13:40:00,3130.0,3130.0,3127.0,3128.0,5972,1675610,RB0
776,2025-09-02 13:45:00,3128.0,3130.0,3126.0,3127.0,431,1676451,RB0
777,2025-09-02 13:50:00,3128.0,3130.0,3127.0,3128.0,2016,1677645,RB0
778,2025-09-02 13:55:00,3127.0,3128.0,3123.0,3124.0,10723,1678290,RB0
779,2025-09-02 14:00:00,3124.0,3125.0,3117.0,3117.0,80,1676121,RB0
780,2025-09-02 14:05:00,3118.0,3120.0,3116.0,3116.0,4242,1676306,RB0
781,2025-09-02 14:10:00,3116.0,3124.0,3116.0,3123.0,1891,1675916,RB0
782,2025-09-02 14:15:00,3123.0,3125.0,3121.0,3121.0,9042,1676755,RB0
783,2025-09-02 14:20:00,3121.0,3122.0,3118.0,3119.0,2787,1679202,RB0
784,2025-09-02 14:25:00,3119.0,3121.0,3117.0,3117.0,8162,1679497,RB0
785,2025-09-02 14:30:00,3117.0,3119.0,3116.0,3116.0,926,1679256,RB0
786,2025-09-02 14:35:00,3117.0,3121.0,3115.0,3119.0,11829,1679040,RB0
787,2025-09-02 14:40:00,3118.0,3122.0,3118.0,3120.0,8043,1678998,RB0
788,2025-09-02 14:45:00,3120.0,3121.0,3117.0,3119.0,54,1680021,RB0
789,2025-09-02 14:50:00,3118.0,3120.0,3116.0,3117.0,3902,1680510,RB0
790,2025-09-02 14:55:00,3117.0,3119.0,3116.0,3116.0,9226,1679118,RB0
791,2025-09-02 15:00:00,3117.0,3117.0,3117.0,3117.0,0,1675244,RB0
792,2025-09-02 21:05:00,3120.0,3131.0,3120.0,3130.0,56095,1679293,RB0
793,2025-09-02 21:10:00,3130.0,3132.0,3129.0,3131.0,20432,1680297,RB0
794,2025-09-02 21:15:00,3131.0,3138.0,3129.0,3138.0,33593,1679867,RB0
795,2025-09-02 21:20:00,3138.0,3141.0,3137.0,3139.0,48638,1679484,RB0
796,2025-09-02 21:25:00,3139.0,3140.0,3137.0,3138.0,17339,1679361,RB0
797,2025-09-02 21:30:00,3138.0,3144.0,3138.0,3140.0,31993,1679614,RB0
798,2025-09-02 21:35:00,3140.0,3142.0,3137.0,3138.0,16637,1679900,RB0
799,2025-09-02 21:40:00,3138.0,3141.0,3138.0,3140.0,8818,1679614,RB0
800,2025-09-02 21:45:00,3140.0,3140.0,3138.0,3139.0,8125,1676722,RB0
801,2025-09-02 21:50:00,3139.0,3142.0,3138.0,3140.0,9753,1677483,RB0
802,2025-09-02 21:55:00,3140.0,3143.0,3139.0,3142.0,9052,1678031,RB0
803,2025-09-02 22:00:00,3142.0,3142.0,3140.0,3141.0,5042,1678593,RB0
804,2025-09-02 22:05:00,3142.0,3146.0,3141.0,3143.0,23948,1677501,RB0
805,2025-09-02 22:10:00,3143.0,3144.0,3141.0,3141.0,6322,1677295,RB0
806,2025-09-02 22:15:00,3142.0,3142.0,3138.0,3138.0,11900,1677336,RB0
807,2025-09-02 22:20:00,3138.0,3139.0,3135.0,3137.0,13857,1675747,RB0
808,2025-09-02 22:25:00,3136.0,3137.0,3134.0,3134.0,4317,1677007,RB0
809,2025-09-02 22:30:00,3134.0,3135.0,3133.0,3134.0,9323,1677320,RB0
810,2025-09-02 22:35:00,3135.0,3135.0,3132.0,3133.0,11593,1677935,RB0
811,2025-09-02 22:40:00,3133.0,3136.0,3129.0,3130.0,18681,1676603,RB0
812,2025-09-02 22:45:00,3129.0,3132.0,3129.0,3130.0,11723,1676431,RB0
813,2025-09-02 22:50:00,3131.0,3133.0,3129.0,3133.0,8759,1676275,RB0
814,2025-09-02 22:55:00,3133.0,3134.0,3132.0,3133.0,7891,1676135,RB0
815,2025-09-02 23:00:00,3133.0,3138.0,3132.0,3138.0,17032,1673457,RB0
816,2025-09-03 09:05:00,3139.0,3142.0,3122.0,3125.0,59636,1677668,RB0
817,2025-09-03 09:10:00,3124.0,3126.0,3118.0,3118.0,46407,1682820,RB0
818,2025-09-03 09:15:00,3118.0,3120.0,3117.0,3119.0,19726,1687830,RB0
819,2025-09-03 09:20:00,3119.0,3119.0,3115.0,3117.0,18308,1692992,RB0
820,2025-09-03 09:25:00,3117.0,3120.0,3117.0,3118.0,13183,1696215,RB0
821,2025-09-03 09:30:00,3118.0,3123.0,3118.0,3122.0,10778,1696638,RB0
822,2025-09-03 09:35:00,3123.0,3124.0,3112.0,3113.0,37975,1706802,RB0
823,2025-09-03 09:40:00,3113.0,3117.0,3113.0,3113.0,12965,1710918,RB0
824,2025-09-03 09:45:00,3114.0,3116.0,3112.0,3112.0,8477,1712506,RB0
825,2025-09-03 09:50:00,3112.0,3113.0,3108.0,3110.0,15147,1718168,RB0
826,2025-09-03 09:55:00,3109.0,3109.0,3106.0,3108.0,23434,1722934,RB0
827,2025-09-03 10:00:00,3108.0,3111.0,3108.0,3109.0,10012,1724409,RB0
828,2025-09-03 10:05:00,3109.0,3111.0,3108.0,3109.0,10244,1726340,RB0
829,2025-09-03 10:10:00,3109.0,3109.0,3104.0,3106.0,20913,1727812,RB0
830,2025-09-03 10:15:00,3106.0,3108.0,3104.0,3106.0,14155,1730864,RB0
831,2025-09-03 10:35:00,3106.0,3107.0,3103.0,3104.0,18120,1734093,RB0
832,2025-09-03 10:40:00,3105.0,3110.0,3104.0,3110.0,17456,1735690,RB0
833,2025-09-03 10:45:00,3110.0,3113.0,3108.0,3113.0,14193,1736594,RB0
834,2025-09-03 10:50:00,3113.0,3113.0,3110.0,3113.0,12344,1737739,RB0
835,2025-09-03 10:55:00,3112.0,3113.0,3105.0,3105.0,14962,1742013,RB0
836,2025-09-03 11:00:00,3105.0,3107.0,3102.0,3106.0,21477,1746914,RB0
837,2025-09-03 11:05:00,3107.0,3108.0,3105.0,3106.0,7240,1747173,RB0
838,2025-09-03 11:10:00,3106.0,3110.0,3106.0,3107.0,9982,1749290,RB0
839,2025-09-03 11:15:00,3108.0,3109.0,3105.0,3106.0,6970,1750898,RB0
840,2025-09-03 11:20:00,3106.0,3109.0,3105.0,3107.0,9730,1753998,RB0
841,2025-09-03 11:25:00,3107.0,3110.0,3105.0,3108.0,8183,1754096,RB0
842,2025-09-03 11:30:00,3107.0,3109.0,3101.0,3102.0,19447,1755248,RB0
843,2025-09-03 13:35:00,3102.0,3107.0,3100.0,3100.0,33980,1759958,RB0
844,2025-09-03 13:40:00,3100.0,3105.0,3099.0,3105.0,17345,1761482,RB0
845,2025-09-03 13:45:00,3104.0,3111.0,3104.0,3109.0,21748,1760658,RB0
846,2025-09-03 13:50:00,3109.0,3109.0,3104.0,3107.0,13018,1760149,RB0
847,2025-09-03 13:55:00,3107.0,3111.0,3106.0,3110.0,19993,1761270,RB0
848,2025-09-03 14:00:00,3110.0,3112.0,3107.0,3109.0,9984,1759925,RB0
849,2025-09-03 14:05:00,3108.0,3109.0,3104.0,3108.0,12912,1761019,RB0
850,2025-09-03 14:10:00,3107.0,3108.0,3105.0,3107.0,5376,1761223,RB0
851,2025-09-03 14:15:00,3107.0,3109.0,3106.0,3109.0,7139,1760903,RB0
852,2025-09-03 14:20:00,3108.0,3108.0,3104.0,3106.0,9140,1761575,RB0
853,2025-09-03 14:25:00,3106.0,3108.0,3105.0,3105.0,5867,1761654,RB0
854,2025-09-03 14:30:00,3105.0,3106.0,3103.0,3105.0,6721,1761371,RB0
855,2025-09-03 14:35:00,3105.0,3112.0,3104.0,3112.0,17399,1761525,RB0
856,2025-09-03 14:40:00,3112.0,3112.0,3105.0,3106.0,3122,1760902,RB0
857,2025-09-03 14:45:00,3106.0,3110.0,3105.0,3109.0,7707,1761339,RB0
858,2025-09-03 14:50:00,3108.0,3109.0,3101.0,3103.0,22855,1759916,RB0
859,2025-09-03 14:55:00,3103.0,3106.0,3101.0,3105.0,8262,1759543,RB0
860,2025-09-03 15:00:00,3106.0,3106.0,3106.0,3106.0,0,1754813,RB0
861,2025-09-03 21:05:00,3107.0,3107.0,3097.0,3100.0,46237,1760523,RB0
862,2025-09-03 21:10:00,3100.0,3101.0,3095.0,3099.0,38676,1767710,RB0
863,2025-09-03 21:15:00,3098.0,3100.0,3097.0,3098.0,11027,1768222,RB0
864,2025-09-03 21:20:00,3098.0,3099.0,3093.0,3095.0,26882,1771544,RB0
865,2025-09-03 21:25:00,3096.0,3107.0,3095.0,3105.0,32609,1767317,RB0
866,2025-09-03 21:30:00,3105.0,3107.0,3102.0,3104.0,18601,1770038,RB0
867,2025-09-03 21:35:00,3103.0,3105.0,3102.0,3103.0,10252,1770657,RB0
868,2025-09-03 21:40:00,3103.0,3103.0,3096.0,3097.0,22366,1772736,RB0
869,2025-09-03 21:45:00,3097.0,3099.0,3095.0,3097.0,10419,1772271,RB0
870,2025-09-03 21:50:00,3096.0,3099.0,3095.0,3096.0,10539,1772391,RB0
871,2025-09-03 21:55:00,3095.0,3098.0,3093.0,3096.0,14675,1771597,RB0
872,2025-09-03 22:00:00,3096.0,3098.0,3096.0,3098.0,4279,1771373,RB0
873,2025-09-03 22:05:00,3097.0,3098.0,3095.0,3097.0,5955,1770957,RB0
874,2025-09-03 22:10:00,3097.0,3097.0,3093.0,3094.0,8642,1771210,RB0
875,2025-09-03 22:15:00,3095.0,3097.0,3094.0,3095.0,4695,1771616,RB0
876,2025-09-03 22:20:00,3095.0,3098.0,3095.0,3097.0,4926,1771481,RB0
877,2025-09-03 22:25:00,3097.0,3097.0,3094.0,3095.0,773,1770358,RB0
878,2025-09-03 22:30:00,3094.0,3095.0,3091.0,3091.0,13454,1768631,RB0
879,2025-09-03 22:35:00,3092.0,3094.0,3091.0,3094.0,9219,1770144,RB0
880,2025-09-03 22:40:00,3093.0,3094.0,3092.0,3094.0,5224,1770861,RB0
881,2025-09-03 22:45:00,3094.0,3094.0,3090.0,3091.0,8653,1769646,RB0
882,2025-09-03 22:50:00,3090.0,3091.0,3088.0,3089.0,16373,1771271,RB0
883,2025-09-03 22:55:00,3089.0,3095.0,3089.0,3094.0,11869,1770644,RB0
884,2025-09-03 23:00:00,3095.0,3095.0,3090.0,3092.0,13237,1767354,RB0
885,2025-09-04 09:05:00,3093.0,3096.0,3090.0,3094.0,23954,1767988,RB0
886,2025-09-04 09:10:00,3094.0,3096.0,3093.0,3094.0,10927,1769582,RB0
887,2025-09-04 09:15:00,3094.0,3098.0,3094.0,3097.0,12977,1771191,RB0
888,2025-09-04 09:20:00,3097.0,3102.0,3096.0,3099.0,16168,1771932,RB0
889,2025-09-04 09:25:00,3098.0,3102.0,3098.0,3100.0,8136,1772987,RB0
890,2025-09-04 09:30:00,3100.0,3101.0,3097.0,3101.0,10074,1773584,RB0
891,2025-09-04 09:35:00,3101.0,3106.0,3100.0,3105.0,22845,1770210,RB0
892,2025-09-04 09:40:00,3106.0,3106.0,3103.0,3105.0,13313,1768405,RB0
893,2025-09-04 09:45:00,3104.0,3106.0,3103.0,3105.0,16196,1766789,RB0
894,2025-09-04 09:50:00,3105.0,3107.0,3104.0,3105.0,5916,1766680,RB0
895,2025-09-04 09:55:00,3106.0,3107.0,3103.0,3106.0,9991,1767944,RB0
896,2025-09-04 10:00:00,3106.0,3112.0,3106.0,3111.0,26463,1769476,RB0
897,2025-09-04 10:05:00,3111.0,3112.0,3108.0,3110.0,16391,1770340,RB0
898,2025-09-04 10:10:00,3110.0,3111.0,3107.0,3110.0,10348,1770256,RB0
899,2025-09-04 10:15:00,3110.0,3112.0,3107.0,3108.0,11929,1770409,RB0
900,2025-09-04 10:35:00,3109.0,3109.0,3103.0,3103.0,22908,1766233,RB0
901,2025-09-04 10:40:00,3103.0,3104.0,3101.0,3103.0,10987,1766628,RB0
902,2025-09-04 10:45:00,3102.0,3108.0,3102.0,3108.0,9411,1767363,RB0
903,2025-09-04 10:50:00,3108.0,3110.0,3105.0,3106.0,9253,1767751,RB0
904,2025-09-04 10:55:00,3106.0,3113.0,3106.0,3113.0,22204,1765341,RB0
905,2025-09-04 11:00:00,3114.0,3124.0,3113.0,3123.0,69052,1755447,RB0
906,2025-09-04 11:05:00,3124.0,3125.0,3119.0,3119.0,38592,1752198,RB0
907,2025-09-04 11:10:00,3119.0,3122.0,3117.0,3122.0,23872,1751425,RB0
908,2025-09-04 11:15:00,3121.0,3123.0,3116.0,3117.0,13767,1751970,RB0
909,2025-09-04 11:20:00,3118.0,3122.0,3116.0,3119.0,16642,1752018,RB0
910,2025-09-04 11:25:00,3119.0,3128.0,3119.0,3127.0,28233,1751824,RB0
911,2025-09-04 11:30:00,3128.0,3130.0,3126.0,3129.0,32783,1750639,RB0
912,2025-09-04 13:35:00,3130.0,3131.0,3118.0,3125.0,56400,1745682,RB0
913,2025-09-04 13:40:00,3125.0,3125.0,3117.0,3117.0,18316,1748397,RB0
914,2025-09-04 13:45:00,3118.0,3118.0,3113.0,3116.0,33630,1745820,RB0
915,2025-09-04 13:50:00,3116.0,3120.0,3115.0,3120.0,15942,1745882,RB0
916,2025-09-04 13:55:00,3119.0,3125.0,3119.0,3123.0,20365,1750059,RB0
917,2025-09-04 14:00:00,3124.0,3124.0,3121.0,3122.0,11568,1750455,RB0
918,2025-09-04 14:05:00,3122.0,3123.0,3117.0,3118.0,12933,1749373,RB0
919,2025-09-04 14:10:00,3118.0,3120.0,3116.0,3117.0,11396,1749463,RB0
920,2025-09-04 14:15:00,3117.0,3122.0,3116.0,3121.0,7679,1748542,RB0
921,2025-09-04 14:20:00,3122.0,3123.0,3120.0,3121.0,7381,1749384,RB0
922,2025-09-04 14:25:00,3121.0,3123.0,3116.0,3116.0,10975,1747732,RB0
923,2025-09-04 14:30:00,3117.0,3122.0,3115.0,3119.0,6995,1746477,RB0
924,2025-09-04 14:35:00,3119.0,3120.0,3117.0,3118.0,4659,1745411,RB0
925,2025-09-04 14:40:00,3118.0,3121.0,3117.0,3119.0,352,1745865,RB0
926,2025-09-04 14:45:00,3120.0,3128.0,3118.0,3128.0,25088,1747033,RB0
927,2025-09-04 14:50:00,3128.0,3131.0,3125.0,3127.0,2406,1744592,RB0
928,2025-09-04 14:55:00,3127.0,3130.0,3122.0,3122.0,7536,1744075,RB0
929,2025-09-04 15:00:00,3122.0,3123.0,3117.0,3117.0,9655,1736432,RB0
930,2025-09-04 21:05:00,3123.0,3123.0,3110.0,3118.0,57765,1734131,RB0
931,2025-09-04 21:10:00,3118.0,3120.0,3114.0,3114.0,17387,1736246,RB0
932,2025-09-04 21:15:00,3114.0,3118.0,3113.0,3116.0,13437,1736551,RB0
933,2025-09-04 21:20:00,3116.0,3119.0,3115.0,3117.0,10988,1736302,RB0
934,2025-09-04 21:25:00,3117.0,3121.0,3117.0,3118.0,16370,1737216,RB0
935,2025-09-04 21:30:00,3118.0,3119.0,3117.0,3118.0,4624,1737803,RB0
936,2025-09-04 21:35:00,3119.0,3121.0,3117.0,3120.0,10079,1737690,RB0
937,2025-09-04 21:40:00,3120.0,3124.0,3120.0,3122.0,13854,1737163,RB0
938,2025-09-04 21:45:00,3122.0,3123.0,3120.0,3123.0,9006,1736152,RB0
939,2025-09-04 21:50:00,3123.0,3123.0,3120.0,3121.0,5808,1736878,RB0
940,2025-09-04 21:55:00,3121.0,3122.0,3120.0,3122.0,4897,1737302,RB0
941,2025-09-04 22:00:00,3122.0,3123.0,3121.0,3122.0,5510,1737521,RB0
942,2025-09-04 22:05:00,3122.0,3122.0,3116.0,3117.0,14283,1739168,RB0
943,2025-09-04 22:10:00,3117.0,3119.0,3116.0,3118.0,5463,1739961,RB0
944,2025-09-04 22:15:00,3118.0,3119.0,3117.0,3117.0,3178,1740718,RB0
945,2025-09-04 22:20:00,3117.0,3118.0,3116.0,3117.0,3329,1740710,RB0
946,2025-09-04 22:25:00,3117.0,3117.0,3115.0,3117.0,993,1741351,RB0
947,2025-09-04 22:30:00,3117.0,3118.0,3114.0,3115.0,7918,1742129,RB0
948,2025-09-04 22:35:00,3115.0,3115.0,3108.0,3110.0,28117,1746781,RB0
949,2025-09-04 22:40:00,3111.0,3113.0,3109.0,3111.0,12245,1747830,RB0
950,2025-09-04 22:45:00,3111.0,3112.0,3110.0,3112.0,7694,1748618,RB0
951,2025-09-04 22:50:00,3111.0,3113.0,3109.0,3111.0,7558,1748418,RB0
952,2025-09-04 22:55:00,3112.0,3113.0,3110.0,3113.0,7684,1747720,RB0
953,2025-09-04 23:00:00,3113.0,3116.0,3112.0,3115.0,17265,1741965,RB0
954,2025-09-05 09:05:00,3116.0,3117.0,3110.0,3112.0,26969,1740175,RB0
955,2025-09-05 09:10:00,3112.0,3115.0,3112.0,3113.0,10312,1741235,RB0
956,2025-09-05 09:15:00,3113.0,3114.0,3111.0,3112.0,7234,1741869,RB0
957,2025-09-05 09:20:00,3112.0,3113.0,3109.0,3110.0,10440,1742059,RB0
958,2025-09-05 09:25:00,3110.0,3115.0,3109.0,3115.0,8683,1741588,RB0
959,2025-09-05 09:30:00,3115.0,3115.0,3112.0,3113.0,5312,1741157,RB0
960,2025-09-05 09:35:00,3112.0,3114.0,3109.0,3112.0,14041,1741752,RB0
961,2025-09-05 09:40:00,3111.0,3113.0,3110.0,3112.0,5521,1740995,RB0
962,2025-09-05 09:45:00,3112.0,3112.0,3106.0,3107.0,17386,1740352,RB0
963,2025-09-05 09:50:00,3106.0,3110.0,3106.0,3106.0,8329,1742426,RB0
964,2025-09-05 09:55:00,3106.0,3109.0,3105.0,3106.0,18308,1746283,RB0
965,2025-09-05 10:00:00,3106.0,3108.0,3103.0,3103.0,15147,1750110,RB0
966,2025-09-05 10:05:00,3103.0,3106.0,3102.0,3104.0,15440,1752945,RB0
967,2025-09-05 10:10:00,3104.0,3105.0,3100.0,3101.0,17137,1755527,RB0
968,2025-09-05 10:15:00,3101.0,3104.0,3100.0,3104.0,12382,1758089,RB0
969,2025-09-05 10:35:00,3104.0,3110.0,3103.0,3109.0,24401,1759489,RB0
970,2025-09-05 10:40:00,3108.0,3109.0,3105.0,3107.0,13507,1760928,RB0
971,2025-09-05 10:45:00,3106.0,3107.0,3102.0,3104.0,10165,1761897,RB0
972,2025-09-05 10:50:00,3104.0,3105.0,3102.0,3105.0,8694,1763710,RB0
973,2025-09-05 10:55:00,3105.0,3105.0,3102.0,3105.0,5608,1764314,RB0
974,2025-09-05 11:00:00,3104.0,3109.0,3102.0,3107.0,10379,1765527,RB0
975,2025-09-05 11:05:00,3107.0,3108.0,3104.0,3108.0,6700,1765620,RB0
976,2025-09-05 11:10:00,3108.0,3110.0,3105.0,3109.0,8850,1765916,RB0
977,2025-09-05 11:15:00,3109.0,3110.0,3104.0,3109.0,12396,1765354,RB0
978,2025-09-05 11:20:00,3109.0,3110.0,3105.0,3109.0,9108,1765944,RB0
979,2025-09-05 11:25:00,3108.0,3121.0,3108.0,3119.0,48182,1762518,RB0
980,2025-09-05 11:30:00,3118.0,3125.0,3116.0,3124.0,29358,1757945,RB0
981,2025-09-05 13:35:00,3125.0,3137.0,3124.0,3136.0,99469,1754053,RB0
982,2025-09-05 13:40:00,3136.0,3139.0,3130.0,3133.0,51733,1752731,RB0
983,2025-09-05 13:45:00,3133.0,3136.0,3132.0,3134.0,23497,1754788,RB0
984,2025-09-05 13:50:00,3134.0,3144.0,3134.0,3142.0,56241,1752009,RB0
985,2025-09-05 13:55:00,3141.0,3143.0,3138.0,3141.0,30350,1751089,RB0
986,2025-09-05 14:00:00,3141.0,3143.0,3139.0,3139.0,22608,1749000,RB0
987,2025-09-05 14:05:00,3140.0,3147.0,3139.0,3147.0,48277,1745514,RB0
988,2025-09-05 14:10:00,3147.0,3150.0,3144.0,3144.0,58698,1748281,RB0
989,2025-09-05 14:15:00,3145.0,3147.0,3139.0,3144.0,40786,1748158,RB0
990,2025-09-05 14:20:00,3144.0,3148.0,3143.0,3144.0,12533,1751659,RB0
991,2025-09-05 14:25:00,3145.0,3147.0,3143.0,3144.0,13398,1751762,RB0
992,2025-09-05 14:30:00,3144.0,3151.0,3144.0,3149.0,33600,1751580,RB0
993,2025-09-05 14:35:00,3148.0,3151.0,3144.0,3145.0,25151,1754800,RB0
994,2025-09-05 14:40:00,3146.0,3152.0,3146.0,3148.0,373,1752190,RB0
995,2025-09-05 14:45:00,3148.0,3149.0,3145.0,3145.0,155,1752247,RB0
996,2025-09-05 14:50:00,3145.0,3146.0,3140.0,3141.0,228,1748690,RB0
997,2025-09-05 14:55:00,3141.0,3143.0,3137.0,3140.0,21697,1746797,RB0
998,2025-09-05 15:00:00,3141.0,3145.0,3139.0,3143.0,599,1737894,RB0
999,2025-09-05 21:05:00,3148.0,3151.0,3139.0,3139.0,65608,1737484,RB0
1000,2025-09-05 21:10:00,3139.0,3141.0,3136.0,3138.0,30195,1739805,RB0
1001,2025-09-05 21:15:00,3137.0,3137.0,3135.0,3136.0,24521,1741765,RB0
1002,2025-09-05 21:20:00,3136.0,3136.0,3132.0,3132.0,23700,1744561,RB0
1003,2025-09-05 21:25:00,3133.0,3133.0,3129.0,3129.0,27849,1744103,RB0
1004,2025-09-05 21:30:00,3129.0,3132.0,3129.0,3131.0,19152,1745502,RB0
1005,2025-09-05 21:35:00,3131.0,3133.0,3130.0,3133.0,9825,1747892,RB0
1006,2025-09-05 21:40:00,3133.0,3135.0,3131.0,3134.0,15079,1748933,RB0
1007,2025-09-05 21:45:00,3134.0,3134.0,3132.0,3134.0,5413,1749749,RB0
1008,2025-09-05 21:50:00,3134.0,3134.0,3131.0,3132.0,7865,1750629,RB0
1009,2025-09-05 21:55:00,3132.0,3132.0,3126.0,3128.0,23271,1751205,RB0
1010,2025-09-05 22:00:00,3128.0,3129.0,3127.0,3128.0,7563,1752216,RB0
1011,2025-09-05 22:05:00,3129.0,3130.0,3126.0,3129.0,11779,1753584,RB0
1012,2025-09-05 22:10:00,3129.0,3130.0,3127.0,3127.0,9379,1755489,RB0
1013,2025-09-05 22:15:00,3127.0,3128.0,3126.0,3126.0,9676,1757072,RB0
1014,2025-09-05 22:20:00,3127.0,3127.0,3123.0,3123.0,19440,1758471,RB0
1015,2025-09-05 22:25:00,3124.0,3124.0,3122.0,3123.0,5373,1758462,RB0
1016,2025-09-05 22:30:00,3123.0,3125.0,3120.0,3122.0,22568,1759383,RB0
1017,2025-09-05 22:35:00,3122.0,3123.0,3116.0,3117.0,28283,1764422,RB0
1018,2025-09-05 22:40:00,3118.0,3120.0,3115.0,3115.0,19940,1768097,RB0
1019,2025-09-05 22:45:00,3115.0,3120.0,3115.0,3117.0,17699,1770036,RB0
1020,2025-09-05 22:50:00,3117.0,3120.0,3115.0,3118.0,17401,1770350,RB0
1021,2025-09-05 22:55:00,3118.0,3120.0,3117.0,3119.0,10939,1771301,RB0
1022,2025-09-05 23:00:00,3119.0,3122.0,3119.0,3120.0,9693,1765672,RB0
